run_time_s,timestamp,Config_ID,num_users,target_rpm,actual_rpm,failures,avg_response_time_ms,rt_90,rt_95,rt_99,total_cpu,total_mem
60,2026-02-11 19:41:24,1,,967.0,958.0,0.0,9.54,10.14,10.81,12.0,0.025875420217501353,189399040.0
120,2026-02-11 19:42:24,1,,970.0,970.0,0.0,8.89,9.99,10.64,11.92,0.12659642852300962,189554688.0
180,2026-02-11 19:43:24,1,,796.0,797.0,0.0,8.82,9.97,10.5,11.34,0.12112204268347933,189538304.0
240,2026-02-11 19:44:24,1,,634.0,636.0,0.0,8.86,9.95,10.5,11.44,0.09759338619114774,189390848.0
300,2026-02-11 19:45:24,1,,520.0,521.0,0.0,8.89,9.96,10.6,11.49,0.0708581958816961,189423616.0
360,2026-02-11 19:46:24,1,,635.0,634.0,0.0,8.8,9.91,10.34,11.35,0.0686340518337426,189644800.0
420,2026-02-11 19:47:24,1,,640.0,640.0,0.0,8.97,10.21,10.7,11.47,0.08095866915225242,189460480.0
480,2026-02-11 19:48:24,1,,678.0,677.0,0.0,8.84,10.16,10.61,11.81,0.07505337824835207,189562880.0
540,2026-02-11 19:49:24,1,,487.0,489.0,0.0,8.79,9.8,10.23,11.34,0.08231392990810303,189386752.0
600,2026-02-11 19:50:24,1,,482.0,482.0,0.0,8.84,9.96,10.48,11.35,0.06148148564703662,189423616.0
660,2026-02-11 19:51:24,1,,522.0,522.0,0.0,8.86,9.94,10.39,11.59,0.06280733296387608,189489152.0
720,2026-02-11 19:52:24,1,,489.0,489.0,0.0,8.87,9.94,10.38,11.5,0.06682693528084024,189591552.0
780,2026-02-11 19:53:24,1,,499.0,499.0,0.0,8.98,10.2,10.75,11.67,0.056319094217702675,189747200.0
840,2026-02-11 19:54:24,1,,602.0,601.0,0.0,8.82,9.87,10.21,11.28,0.06654395793784748,189448192.0
900,2026-02-11 19:55:24,1,,575.0,575.0,0.0,8.79,9.75,10.15,11.04,0.07684299741660941,189534208.0
960,2026-02-11 19:56:24,1,,570.0,570.0,0.0,8.82,9.79,10.28,11.66,0.0725409436373557,189730816.0
1020,2026-02-11 19:57:24,1,,606.0,606.0,0.0,8.8,10.03,10.42,11.58,0.07369018452999267,189784064.0
1080,2026-02-11 19:58:24,1,,636.0,636.0,0.0,8.88,10.13,10.62,11.7,0.06924907843265658,189489152.0
1140,2026-02-11 19:59:24,1,,654.0,654.0,0.0,8.95,10.15,10.76,11.94,0.08252114378230821,189698048.0
1200,2026-02-11 20:00:24,1,,817.0,815.0,0.0,8.83,9.94,10.51,11.53,0.07737329243956814,189693952.0
1260,2026-02-11 20:01:24,1,,806.0,806.0,0.0,8.8,10.01,10.6,11.51,0.10458710153594838,189640704.0
1320,2026-02-11 20:02:24,1,,930.0,929.0,0.0,8.78,9.87,10.37,11.77,0.10589503203167354,189587456.0
1380,2026-02-11 20:03:24,1,,958.0,958.0,0.0,8.78,9.89,10.48,11.58,0.11825026908088832,189624320.0
1440,2026-02-11 20:04:24,1,,962.0,962.0,0.0,8.8,10.0,10.56,11.44,0.10694221907724749,189599744.0
1500,2026-02-11 20:05:24,1,,979.0,979.0,0.0,8.86,10.05,10.66,11.77,0.12310814046627042,189726720.0
1560,2026-02-11 20:06:24,1,,960.0,960.0,0.0,8.89,10.14,10.81,11.96,0.12533673047215213,189599744.0
1620,2026-02-11 20:07:24,1,,859.0,860.0,0.0,8.85,9.88,10.31,11.61,0.12222026016043779,189472768.0
1680,2026-02-11 20:08:24,1,,663.0,664.0,0.0,8.85,10.1,10.56,11.41,0.09817137726629611,189550592.0
1740,2026-02-11 20:09:24,1,,609.0,610.0,0.0,8.81,9.89,10.52,11.6,0.08337041169297424,189755392.0
1800,2026-02-11 20:10:24,1,,524.0,525.0,0.0,8.87,10.11,10.47,11.44,0.07488064708354951,189444096.0
60,2026-02-11 20:13:33,17,,967.0,958.0,0.0,19.16,20.7,22.69,27.52,0.05630035319925704,385073152.0
120,2026-02-11 20:14:33,17,,970.0,970.0,0.0,19.02,21.42,22.52,26.12,0.26586295815066396,385314816.0
180,2026-02-11 20:15:33,17,,796.0,797.0,0.0,20.43,22.77,24.52,40.0,0.2845571471180657,385155072.0
240,2026-02-11 20:16:33,17,,634.0,636.0,0.0,19.18,21.84,23.65,26.8,0.24182376572674882,385310720.0
300,2026-02-11 20:17:33,17,,520.0,521.0,0.0,18.97,20.98,22.79,25.21,0.1913302094219454,385335296.0
360,2026-02-11 20:18:33,17,,635.0,634.0,0.0,19.02,21.21,22.59,26.5,0.15491452834529892,385249280.0
420,2026-02-11 20:19:33,17,,640.0,640.0,0.0,19.09,21.71,23.45,27.1,0.17723385257920626,385388544.0
480,2026-02-11 20:20:33,17,,678.0,677.0,0.0,19.05,21.46,22.86,28.06,0.20268889029173928,385593344.0
540,2026-02-11 20:21:33,17,,487.0,489.0,0.0,19.05,21.42,22.36,26.49,0.1811143862397942,385650688.0
600,2026-02-11 20:22:33,17,,482.0,482.0,0.0,18.98,20.56,21.91,25.62,0.14396498999632293,385548288.0
660,2026-02-11 20:23:33,17,,522.0,522.0,0.0,19.07,21.36,23.22,26.42,0.148184114725791,385523712.0
720,2026-02-11 20:24:33,17,,489.0,489.0,0.0,19.16,21.58,23.54,26.11,0.15902455017439576,385425408.0
780,2026-02-11 20:25:33,17,,499.0,499.0,0.0,18.61,20.45,21.4,23.56,0.15329491060585576,385622016.0
840,2026-02-11 20:26:33,17,,602.0,601.0,0.0,18.78,20.47,21.9,25.63,0.16713804070991928,385990656.0
900,2026-02-11 20:27:33,17,,575.0,575.0,0.0,18.77,20.57,22.78,25.68,0.1619066912591942,385810432.0
960,2026-02-11 20:28:33,17,,570.0,570.0,0.0,18.73,20.87,23.01,27.0,0.17613495694922884,386138112.0
1020,2026-02-11 20:29:33,17,,606.0,606.0,0.0,18.91,20.98,22.55,25.2,0.16044660770124225,386473984.0
1080,2026-02-11 20:30:33,17,,636.0,636.0,0.0,18.93,21.06,22.93,25.49,0.1899529422870933,386207744.0
1140,2026-02-11 20:31:33,17,,654.0,654.0,0.0,18.89,21.02,23.0,28.15,0.16327158850949863,386179072.0
1200,2026-02-11 20:32:33,17,,817.0,815.0,0.0,18.93,20.74,22.43,25.6,0.205411857267845,386187264.0
1260,2026-02-11 20:33:33,17,,806.0,806.0,0.0,19.0,21.09,22.7,26.28,0.2516950207782005,385892352.0
1320,2026-02-11 20:34:33,17,,930.0,929.0,0.0,18.89,21.06,22.74,25.94,0.23703410847531498,386031616.0
1380,2026-02-11 20:35:33,17,,958.0,958.0,0.0,18.69,20.51,21.94,24.52,0.28514597375338746,386203648.0
1440,2026-02-11 20:36:33,17,,962.0,962.0,0.0,18.78,20.62,22.03,25.73,0.2914422833970348,386084864.0
1500,2026-02-11 20:37:33,17,,979.0,979.0,0.0,18.81,20.86,22.25,26.1,0.29547357963763404,386658304.0
1560,2026-02-11 20:38:33,17,,960.0,960.0,0.0,18.8,21.15,22.68,25.92,0.2964315206061448,386318336.0
1620,2026-02-11 20:39:33,17,,859.0,860.0,0.0,18.96,21.27,23.09,25.77,0.2854823700768495,386203648.0
1680,2026-02-11 20:40:33,17,,663.0,664.0,0.0,18.93,20.93,22.32,24.65,0.25164059932673755,386469888.0
1740,2026-02-11 20:41:33,17,,609.0,610.0,0.0,19.24,21.34,22.96,25.82,0.203698185018447,386117632.0
1800,2026-02-11 20:42:33,17,,524.0,525.0,0.0,19.13,21.36,23.42,27.56,0.18654201623310984,386236416.0
60,2026-02-11 20:45:44,23,,967.0,958.0,0.0,26.28,29.41,33.56,46.48,0.16696425487209232,388268032.0
120,2026-02-11 20:46:44,23,,970.0,970.0,0.0,26.04,29.72,33.74,45.6,0.38473095549635544,388210688.0
180,2026-02-11 20:47:44,23,,796.0,797.0,0.0,26.18,29.66,33.27,45.62,0.3785022914529499,388288512.0
240,2026-02-11 20:48:44,23,,634.0,636.0,0.0,26.4,30.51,34.44,46.57,0.31444638977803185,388177920.0
300,2026-02-11 20:49:44,23,,520.0,521.0,0.0,26.07,28.48,33.02,46.05,0.2532537349364408,388165632.0
360,2026-02-11 20:50:44,23,,635.0,634.0,0.0,25.77,28.25,31.09,45.35,0.2449347167969511,388366336.0
420,2026-02-11 20:51:44,23,,640.0,640.0,0.0,26.14,28.94,33.33,46.93,0.26465270447692213,388349952.0
480,2026-02-11 20:52:44,23,,678.0,677.0,0.0,25.96,28.76,33.03,46.03,0.27633303641935125,387952640.0
540,2026-02-11 20:53:44,23,,487.0,489.0,0.0,26.25,29.75,34.41,44.47,0.25065910587402507,388313088.0
600,2026-02-11 20:54:44,23,,482.0,482.0,0.0,26.16,28.98,33.83,45.26,0.21033681814685895,388091904.0
660,2026-02-11 20:55:44,23,,522.0,522.0,0.0,25.96,28.55,32.01,45.5,0.2112597431220189,388206592.0
720,2026-02-11 20:56:44,23,,489.0,489.0,0.0,26.07,29.0,33.34,46.0,0.21341464936563506,388268032.0
780,2026-02-11 20:57:44,23,,499.0,499.0,0.0,25.79,28.4,32.11,44.38,0.20889847129419284,388182016.0
840,2026-02-11 20:58:44,23,,602.0,601.0,0.0,26.26,29.91,33.28,44.01,0.22718882885152378,388059136.0
900,2026-02-11 20:59:44,23,,575.0,575.0,0.0,25.94,28.75,32.53,44.8,0.24433983738737336,388153344.0
960,2026-02-11 21:00:44,23,,570.0,570.0,0.0,26.22,30.12,33.64,47.04,0.24382459861032973,388546560.0
1020,2026-02-11 21:01:44,23,,606.0,606.0,0.0,25.96,28.79,33.6,43.98,0.24806367821584793,388300800.0
1080,2026-02-11 21:02:44,23,,636.0,636.0,0.0,26.1,29.28,32.68,44.55,0.25884470960742795,388403200.0
1140,2026-02-11 21:03:44,23,,654.0,654.0,0.0,26.19,29.38,33.38,45.7,0.2709378448796587,388452352.0
1200,2026-02-11 21:04:44,23,,817.0,815.0,0.0,26.1,29.01,33.8,45.83,0.3037708849719698,388526080.0
1260,2026-02-11 21:05:44,23,,806.0,806.0,0.0,26.13,29.28,34.07,45.69,0.33573777217336365,388173824.0
1320,2026-02-11 21:06:44,23,,930.0,929.0,0.0,26.0,28.63,33.94,46.37,0.3622065677910038,388169728.0
1380,2026-02-11 21:07:44,23,,958.0,958.0,0.0,26.13,29.26,33.95,46.0,0.39302397986215926,388198400.0
1440,2026-02-11 21:08:44,23,,962.0,962.0,0.0,26.03,29.4,33.53,44.99,0.4029115826323881,388112384.0
1500,2026-02-11 21:09:44,23,,979.0,979.0,0.0,26.15,29.98,35.44,44.49,0.4081839253445638,388124672.0
1560,2026-02-11 21:10:44,23,,960.0,960.0,0.0,26.3,29.57,33.82,46.03,0.40925930511588127,388173824.0
1620,2026-02-11 21:11:44,23,,859.0,860.0,0.0,25.99,28.68,34.17,45.35,0.38817315414204145,388190208.0
1680,2026-02-11 21:12:44,23,,663.0,664.0,0.0,25.86,28.4,32.75,46.55,0.33545311535135003,388333568.0
1740,2026-02-11 21:13:44,23,,609.0,610.0,0.0,26.06,28.54,32.89,45.65,0.2795517094003236,388247552.0
1800,2026-02-11 21:14:44,23,,524.0,525.0,0.0,26.01,29.1,33.78,44.64,0.24331206914819262,388112384.0
60,2026-02-11 21:17:55,27,,967.0,958.0,0.0,43.7,49.15,57.69,68.84,0.2334626268688388,453296128.0
120,2026-02-11 21:18:55,27,,970.0,970.0,0.0,43.47,48.86,58.0,62.83,0.5808993442871513,453664768.0
180,2026-02-11 21:19:55,27,,796.0,797.0,0.0,43.23,47.37,57.08,61.03,0.6611107102322182,453726208.0
240,2026-02-11 21:20:55,27,,634.0,636.0,0.0,43.2,47.55,55.12,62.5,0.5594372964766318,453632000.0
300,2026-02-11 21:21:55,27,,520.0,521.0,0.0,43.36,47.94,56.58,63.42,0.4525107424793536,453718016.0
360,2026-02-11 21:22:55,27,,635.0,634.0,0.0,43.34,48.01,58.19,63.23,0.4143115769183513,454336512.0
420,2026-02-11 21:23:55,27,,640.0,640.0,0.0,43.4,48.52,57.28,62.73,0.44320404300311267,453935104.0
480,2026-02-11 21:24:55,27,,678.0,677.0,0.0,43.19,46.96,54.94,63.17,0.4713306664854193,453910528.0
540,2026-02-11 21:25:55,27,,487.0,489.0,0.0,43.47,48.15,55.49,63.41,0.44170128732184016,453816320.0
600,2026-02-11 21:26:55,27,,482.0,482.0,0.0,43.92,49.26,57.73,65.03,0.3782498787884214,454115328.0
660,2026-02-11 21:27:55,27,,522.0,522.0,0.0,43.39,47.48,57.33,63.25,0.3605968890623255,454152192.0
720,2026-02-11 21:28:55,27,,489.0,489.0,0.0,43.48,48.38,57.69,62.3,0.365265936592257,454148096.0
780,2026-02-11 21:29:55,27,,499.0,499.0,0.0,43.4,47.96,57.06,66.05,0.3613461576274218,455163904.0
840,2026-02-11 21:30:55,27,,602.0,601.0,0.0,43.18,47.95,58.65,62.06,0.3831962344172823,456720384.0
900,2026-02-11 21:31:55,27,,575.0,575.0,0.0,43.35,48.09,57.63,62.18,0.41473541137272535,456880128.0
960,2026-02-11 21:32:55,27,,570.0,570.0,0.0,43.34,48.13,57.01,63.36,0.41745977813732343,457445376.0
1020,2026-02-11 21:33:55,27,,606.0,606.0,0.0,43.99,50.2,56.96,62.13,0.4213668882850532,457195520.0
1080,2026-02-11 21:34:55,27,,636.0,636.0,0.0,43.92,50.06,57.39,63.07,0.44691755604513284,457359360.0
1140,2026-02-11 21:35:55,27,,654.0,654.0,0.0,43.35,48.18,57.62,61.35,0.46618757209908546,457338880.0
1200,2026-02-11 21:36:55,27,,817.0,815.0,0.0,43.22,47.47,53.19,61.67,0.5078717299162678,457428992.0
1260,2026-02-11 21:37:55,27,,806.0,806.0,0.0,43.35,48.45,57.31,62.68,0.565405532164518,457175040.0
1320,2026-02-11 21:38:55,27,,930.0,929.0,0.0,43.92,49.69,57.7,63.47,0.564232466807586,457641984.0
1380,2026-02-11 21:39:55,27,,958.0,958.0,0.0,43.47,49.08,58.01,63.95,0.670637850599926,457379840.0
1440,2026-02-11 21:40:55,27,,962.0,962.0,0.0,43.53,48.72,57.51,62.96,0.6948407279182374,457723904.0
1500,2026-02-11 21:41:55,27,,979.0,979.0,0.0,43.51,49.58,58.43,64.53,0.7006972748797557,458133504.0
1560,2026-02-11 21:42:55,27,,960.0,960.0,0.0,43.57,48.38,58.64,66.43,0.7011493759668403,458207232.0
1620,2026-02-11 21:43:55,27,,859.0,860.0,0.0,42.93,46.95,57.16,63.34,0.6718227677335862,457854976.0
1680,2026-02-11 21:44:55,27,,663.0,664.0,0.0,42.87,47.26,54.91,63.52,0.5493916497414756,458203136.0
1740,2026-02-11 21:45:55,27,,609.0,610.0,0.0,43.0,48.1,57.9,62.94,0.4238606531923942,457916416.0
1800,2026-02-11 21:46:55,27,,524.0,525.0,0.0,43.17,48.47,56.86,64.41,0.42637028190866905,457793536.0
60,2026-02-11 21:50:08,30,,967.0,958.0,0.0,48.1,51.65,60.8,67.66,0.3048618679945411,448364544.0
120,2026-02-11 21:51:08,30,,970.0,970.0,0.0,48.06,52.43,62.9,70.79,0.6926774797210552,448225280.0
180,2026-02-11 21:52:08,30,,796.0,797.0,0.0,48.22,53.89,62.57,68.86,0.6763908905715216,448319488.0
240,2026-02-11 21:53:08,30,,634.0,636.0,0.0,48.76,55.34,62.73,70.52,0.5770563032937414,448499712.0
300,2026-02-11 21:54:08,30,,520.0,521.0,0.0,48.18,53.25,61.68,70.33,0.4596898804288029,448315392.0
360,2026-02-11 21:55:08,30,,635.0,634.0,0.0,48.24,53.57,62.77,68.53,0.400233627263506,448552960.0
420,2026-02-11 21:56:08,30,,640.0,640.0,0.0,47.89,51.7,63.04,67.63,0.47487475754014086,448520192.0
480,2026-02-11 21:57:08,30,,678.0,677.0,0.0,48.66,53.77,62.62,71.04,0.4706046394958498,448757760.0
540,2026-02-11 21:58:08,30,,487.0,489.0,0.0,47.81,52.25,60.97,70.23,0.46314267406408327,456925184.0
600,2026-02-11 21:59:08,30,,482.0,482.0,0.0,47.8,53.21,61.58,68.79,0.3459792386512178,458895360.0
660,2026-02-11 22:00:08,30,,522.0,522.0,0.0,47.86,51.56,61.42,68.1,0.3359724381742677,461377536.0
720,2026-02-11 22:01:08,30,,489.0,489.0,0.0,47.61,51.94,60.05,67.35,0.38428409267159225,458891264.0
780,2026-02-11 22:02:08,30,,499.0,499.0,0.0,47.89,51.54,60.13,68.93,0.3751775496593785,458358784.0
840,2026-02-11 22:03:08,30,,602.0,601.0,0.0,48.2,53.78,62.54,66.55,0.3819175268767884,459124736.0
900,2026-02-11 22:04:08,30,,575.0,575.0,0.0,48.24,53.28,62.98,67.97,0.4414964946627802,458801152.0
960,2026-02-11 22:05:08,30,,570.0,570.0,0.0,48.23,53.54,61.41,69.27,0.4311227040167118,458629120.0
1020,2026-02-11 22:06:08,30,,606.0,606.0,0.0,48.57,54.32,62.66,71.83,0.4091399208108212,458641408.0
1080,2026-02-11 22:07:08,30,,636.0,636.0,0.0,48.43,54.41,62.47,68.21,0.46754704283960624,458842112.0
1140,2026-02-11 22:08:08,30,,654.0,654.0,0.0,48.03,52.75,60.93,67.24,0.4898547949374742,458936320.0
1200,2026-02-11 22:09:08,30,,817.0,815.0,0.0,48.08,52.99,62.29,67.42,0.5326345701977728,459726848.0
1260,2026-02-11 22:10:08,30,,806.0,806.0,0.0,48.35,53.39,62.7,69.04,0.6121496872390341,459276288.0
1320,2026-02-11 22:11:08,30,,930.0,929.0,0.0,47.91,52.85,62.7,67.66,0.6525189097918304,459378688.0
1380,2026-02-11 22:12:08,30,,958.0,958.0,0.0,48.05,53.11,62.25,68.09,0.7013088176685444,460685312.0
1440,2026-02-11 22:13:08,30,,962.0,962.0,0.0,47.55,51.27,58.64,68.17,0.7274171010712986,459399168.0
1500,2026-02-11 22:14:08,30,,979.0,979.0,0.0,47.82,53.64,62.27,67.21,0.6642855665087839,459538432.0
1560,2026-02-11 22:15:08,30,,960.0,960.0,0.0,48.0,53.09,63.45,69.79,0.7358366383813353,459620352.0
1620,2026-02-11 22:16:08,30,,859.0,860.0,0.0,48.03,52.02,62.2,68.35,0.6543833093325607,459534336.0
1680,2026-02-11 22:17:08,30,,663.0,664.0,0.0,48.56,54.53,62.44,69.71,0.5700991732991028,462041088.0
1740,2026-02-11 22:18:08,30,,609.0,610.0,0.0,47.91,51.51,61.82,69.54,0.5000839187987214,459431936.0
1800,2026-02-11 22:19:08,30,,524.0,525.0,0.0,47.9,52.02,60.26,68.88,0.41007320123984015,462172160.0
60,2026-02-11 22:22:19,39,,967.0,958.0,0.0,38.93,41.75,46.35,56.49,0.12944569587931948,453939200.0
120,2026-02-11 22:23:19,39,,970.0,970.0,0.0,36.79,40.52,44.55,51.23,0.5300988336862076,457170944.0
180,2026-02-11 22:24:19,39,,796.0,797.0,0.0,36.88,40.77,45.68,50.24,0.47381889874484606,458309632.0
240,2026-02-11 22:25:19,39,,634.0,636.0,0.0,36.65,39.86,42.89,49.23,0.45314268764443344,459280384.0
300,2026-02-11 22:26:19,39,,520.0,521.0,0.0,36.23,38.92,41.42,46.71,0.3629055200369539,460107776.0
360,2026-02-11 22:27:19,39,,635.0,634.0,0.0,37.27,42.1,46.21,54.13,0.32374908019823423,459485184.0
420,2026-02-11 22:28:19,39,,640.0,640.0,0.0,37.03,40.97,44.88,51.27,0.3823432701403534,460189696.0
480,2026-02-11 22:29:19,39,,678.0,677.0,0.0,36.94,40.62,44.94,51.13,0.38483780085541164,460337152.0
540,2026-02-11 22:30:19,39,,487.0,489.0,0.0,36.68,40.18,42.97,50.77,0.38079349583093897,460926976.0
600,2026-02-11 22:31:19,39,,482.0,482.0,0.0,36.91,40.73,45.16,50.34,0.2890211978761693,460201984.0
660,2026-02-11 22:32:19,39,,522.0,522.0,0.0,36.51,39.57,42.45,46.38,0.2931210516678462,460722176.0
720,2026-02-11 22:33:19,39,,489.0,489.0,0.0,37.23,41.22,44.86,50.64,0.306183462122902,460709888.0
780,2026-02-11 22:34:19,39,,499.0,499.0,0.0,37.04,40.82,43.84,50.16,0.2809819017016848,460484608.0
840,2026-02-11 22:35:19,39,,602.0,601.0,0.0,36.63,40.39,44.12,51.72,0.29371505412312365,460656640.0
900,2026-02-11 22:36:19,39,,575.0,575.0,0.0,36.96,41.26,45.78,50.63,0.3533057974314356,460816384.0
960,2026-02-11 22:37:19,39,,570.0,570.0,0.0,36.74,40.49,43.06,48.9,0.343781224239392,460877824.0
1020,2026-02-11 22:38:19,39,,606.0,606.0,0.0,36.67,40.17,44.04,50.2,0.3323436813360129,460730368.0
1080,2026-02-11 22:39:19,39,,636.0,636.0,0.0,36.92,40.63,44.7,51.83,0.362198307447311,461848576.0
1140,2026-02-11 22:40:19,39,,654.0,654.0,0.0,36.93,41.81,45.58,51.52,0.38012484597040236,461492224.0
1200,2026-02-11 22:41:19,39,,817.0,815.0,0.0,36.95,40.63,45.62,52.65,0.4142598536071098,461680640.0
1260,2026-02-11 22:42:19,39,,806.0,806.0,0.0,36.97,40.56,43.91,51.93,0.4846553543096139,461635584.0
1320,2026-02-11 22:43:19,39,,930.0,929.0,0.0,37.09,40.98,46.64,54.39,0.5002209808961579,461983744.0
1380,2026-02-11 22:44:19,39,,958.0,958.0,0.0,36.87,41.38,45.63,50.9,0.5608125426856514,462594048.0
1440,2026-02-11 22:45:19,39,,962.0,962.0,0.0,36.93,41.42,45.49,53.03,0.5718583588332888,462303232.0
1500,2026-02-11 22:46:19,39,,979.0,979.0,0.0,37.03,41.76,46.49,52.0,0.5773201598664517,462536704.0
1560,2026-02-11 22:47:19,39,,960.0,960.0,0.0,39.66,44.72,49.51,95.68,0.5811998481835718,462393344.0
1620,2026-02-11 22:48:19,39,,859.0,860.0,0.0,36.74,40.39,43.34,49.11,0.5846580772724999,463425536.0
1680,2026-02-11 22:49:19,39,,663.0,664.0,0.0,36.9,40.67,43.03,51.04,0.4765132683121851,463167488.0
1740,2026-02-11 22:50:19,39,,609.0,610.0,0.0,36.97,41.01,45.25,50.5,0.3894645810942795,463339520.0
1800,2026-02-11 22:51:19,39,,524.0,525.0,0.0,36.96,41.06,43.78,50.63,0.3534474179854939,463351808.0
60,2026-02-11 22:54:32,40,,967.0,958.0,0.0,41.59,45.35,49.33,55.44,0.06458128503144711,449236992.0
120,2026-02-11 22:55:32,40,,970.0,970.0,0.0,41.75,45.98,49.47,56.93,0.6123347469632278,449511424.0
180,2026-02-11 22:56:32,40,,796.0,797.0,0.0,41.56,44.97,49.38,57.38,0.5934502634355281,449716224.0
240,2026-02-11 22:57:32,40,,634.0,636.0,0.0,41.73,46.33,49.36,56.66,0.43425073040040685,450228224.0
300,2026-02-11 22:58:32,40,,520.0,521.0,0.0,41.8,46.64,51.72,56.43,0.34049956020649735,450080768.0
360,2026-02-11 22:59:32,40,,635.0,634.0,0.0,41.71,46.24,50.61,56.2,0.2931461764271863,449642496.0
420,2026-02-11 23:00:32,40,,640.0,640.0,0.0,41.46,45.24,49.35,56.15,0.40294173916672815,450027520.0
480,2026-02-11 23:01:32,40,,678.0,677.0,0.0,41.71,45.99,50.08,57.91,0.41349473565672745,450433024.0
540,2026-02-11 23:02:32,40,,487.0,489.0,0.0,41.91,46.54,49.57,58.13,0.3962187833148137,450830336.0
600,2026-02-11 23:03:32,40,,482.0,482.0,0.0,42.06,46.08,51.43,59.34,0.3160528938738735,457269248.0
660,2026-02-11 23:04:32,40,,522.0,522.0,0.0,41.85,47.11,50.57,55.67,0.2859328158764803,457338880.0
720,2026-02-11 23:05:32,40,,489.0,489.0,0.0,41.47,45.16,48.76,56.17,0.30859148839744066,457691136.0
780,2026-02-11 23:06:32,40,,499.0,499.0,0.0,41.82,45.77,50.19,56.66,0.26246850128451504,457494528.0
840,2026-02-11 23:07:32,40,,602.0,601.0,0.0,41.33,45.35,50.09,57.16,0.31437160671964837,457777152.0
900,2026-02-11 23:08:32,40,,575.0,575.0,0.0,41.78,46.82,51.21,56.9,0.37907860253540565,457646080.0
960,2026-02-11 23:09:32,40,,570.0,570.0,0.0,41.66,45.66,50.91,56.71,0.35890237047521306,457543680.0
1020,2026-02-11 23:10:32,40,,606.0,606.0,0.0,41.64,46.13,50.35,55.61,0.3404950389646987,457990144.0
1080,2026-02-11 23:11:32,40,,636.0,636.0,0.0,41.86,46.73,51.3,58.62,0.3930499417154508,457777152.0
1140,2026-02-11 23:12:32,40,,654.0,654.0,0.0,41.8,46.48,49.31,55.4,0.41193294290931615,457625600.0
1200,2026-02-11 23:13:32,40,,817.0,815.0,0.0,41.67,45.45,48.37,57.62,0.4076867834616382,457719808.0
1260,2026-02-11 23:14:32,40,,806.0,806.0,0.0,41.57,46.3,49.2,56.09,0.4885204658504815,458022912.0
1320,2026-02-11 23:15:32,40,,930.0,929.0,0.0,42.18,47.52,51.97,57.8,0.5239634438228836,458006528.0
1380,2026-02-11 23:16:32,40,,958.0,958.0,0.0,42.25,47.23,51.21,58.26,0.5716645675852432,458260480.0
1440,2026-02-11 23:17:32,40,,962.0,962.0,0.0,42.36,47.55,50.92,57.07,0.6230952471189474,458457088.0
1500,2026-02-11 23:18:32,40,,979.0,979.0,0.0,42.0,47.28,52.1,57.07,0.6295027004341954,458199040.0
1560,2026-02-11 23:19:32,40,,960.0,960.0,0.0,41.89,46.17,50.67,57.45,0.628799116852855,458190848.0
1620,2026-02-11 23:20:32,40,,859.0,860.0,0.0,41.86,46.69,49.46,57.79,0.5656930038809699,458117120.0
1680,2026-02-11 23:21:32,40,,663.0,664.0,0.0,42.05,46.77,50.24,57.6,0.506941390389087,458051584.0
1740,2026-02-11 23:22:32,40,,609.0,610.0,0.0,41.86,46.45,50.0,56.4,0.4280456029555724,457986048.0
1800,2026-02-11 23:23:32,40,,524.0,525.0,0.0,41.54,45.53,48.87,54.23,0.37137160538918224,457932800.0
60,2026-02-11 23:26:44,42,,967.0,958.0,0.0,41.21,44.65,47.07,55.87,0.2603696931613163,453324800.0
120,2026-02-11 23:27:44,42,,970.0,970.0,0.0,41.61,46.0,50.36,56.15,0.571405918001762,458014720.0
180,2026-02-11 23:28:44,42,,796.0,797.0,0.0,41.47,45.8,49.99,55.64,0.5729812038271782,461836288.0
240,2026-02-11 23:29:44,42,,634.0,636.0,0.0,41.3,45.32,49.55,57.45,0.4738868494458509,461508608.0
300,2026-02-11 23:30:44,42,,520.0,521.0,0.0,41.47,45.41,49.86,55.73,0.3851261894568085,461107200.0
360,2026-02-11 23:31:44,42,,635.0,634.0,0.0,41.27,44.47,50.04,56.85,0.3674935655203744,462417920.0
420,2026-02-11 23:32:44,42,,640.0,640.0,0.0,41.13,44.3,49.58,55.39,0.39642572348266836,461533184.0
480,2026-02-11 23:33:44,42,,678.0,677.0,0.0,41.25,44.85,48.23,57.02,0.41389519816430465,461819904.0
540,2026-02-11 23:34:44,42,,487.0,489.0,0.0,41.36,45.45,51.28,56.31,0.37830214665133516,461611008.0
600,2026-02-11 23:35:44,42,,482.0,482.0,0.0,41.01,44.48,48.37,54.61,0.3154577724036547,461819904.0
660,2026-02-11 23:36:44,42,,522.0,522.0,0.0,41.28,44.79,47.82,55.44,0.3129205255492849,461328384.0
720,2026-02-11 23:37:44,42,,489.0,489.0,0.0,40.88,43.86,46.72,55.33,0.31850985771708495,461774848.0
780,2026-02-11 23:38:44,42,,499.0,499.0,0.0,41.12,45.09,49.57,54.92,0.31358943760669955,461500416.0
840,2026-02-11 23:39:44,42,,602.0,601.0,0.0,41.0,45.0,48.15,54.0,0.3400325043870387,461922304.0
900,2026-02-11 23:40:44,42,,575.0,575.0,0.0,40.85,44.62,48.26,54.55,0.3652205504808959,461688832.0
960,2026-02-11 23:41:44,42,,570.0,570.0,0.0,40.87,44.26,48.83,55.19,0.35923372126349346,461672448.0
1020,2026-02-11 23:42:44,42,,606.0,606.0,0.0,40.89,45.41,49.5,55.11,0.3656896009704357,461721600.0
1080,2026-02-11 23:43:44,42,,636.0,636.0,0.0,41.05,44.51,49.56,55.05,0.3852970059633696,462155776.0
1140,2026-02-11 23:44:44,42,,654.0,654.0,0.0,41.23,45.35,48.97,54.46,0.4014425571214276,462024704.0
1200,2026-02-11 23:45:44,42,,817.0,815.0,0.0,41.5,45.35,50.83,56.94,0.45369335516975134,462712832.0
1260,2026-02-11 23:46:44,42,,806.0,806.0,0.0,41.37,45.78,48.08,58.11,0.5053808649555712,462381056.0
1320,2026-02-11 23:47:44,42,,930.0,929.0,0.0,41.54,46.28,49.89,58.0,0.5413137046522485,462569472.0
1380,2026-02-11 23:48:44,42,,958.0,958.0,0.0,41.34,45.55,47.43,54.48,0.5927818555890882,462680064.0
1440,2026-02-11 23:49:44,42,,962.0,962.0,0.0,41.54,45.48,50.2,55.98,0.610519455110155,462565376.0
1500,2026-02-11 23:50:44,42,,979.0,979.0,0.0,41.4,45.39,49.59,58.26,0.6158786282743688,462778368.0
1560,2026-02-11 23:51:44,42,,960.0,960.0,0.0,41.48,45.56,48.41,56.42,0.6153567816137155,462643200.0
1620,2026-02-11 23:52:44,42,,859.0,860.0,0.0,41.25,45.4,48.78,55.08,0.581167232610408,462155776.0
1680,2026-02-11 23:53:44,42,,663.0,664.0,0.0,41.19,44.75,50.94,56.54,0.49842840696002955,462217216.0
1740,2026-02-11 23:54:44,42,,609.0,610.0,0.0,41.23,44.42,48.67,55.21,0.41552480703080263,462188544.0
1800,2026-02-11 23:55:44,42,,524.0,525.0,0.0,40.93,44.44,48.32,53.24,0.3662728954384631,462086144.0
60,2026-02-12 09:05:34,42,,967.0,958.0,0.0,43.91,43.45,45.9,121.77,0.09602488081042604,522821632.0
120,2026-02-12 09:06:34,42,,970.0,970.0,0.0,40.17,43.56,45.69,51.76,0.5061546513574263,527159296.0
180,2026-02-12 09:07:34,42,,796.0,797.0,0.0,40.23,43.64,45.89,52.16,0.5648891010277393,528633856.0
240,2026-02-12 09:08:34,42,,634.0,636.0,0.0,40.27,43.6,45.05,54.09,0.4689902201292364,528838656.0
300,2026-02-12 09:09:34,42,,520.0,521.0,0.0,39.85,42.4,44.76,52.88,0.3815782386901178,528621568.0
360,2026-02-12 09:10:34,42,,635.0,634.0,0.0,40.04,42.85,44.19,49.52,0.31579451931819114,529022976.0
420,2026-02-12 09:11:34,42,,640.0,640.0,0.0,39.99,43.3,45.21,49.88,0.3849974621078053,530694144.0
480,2026-02-12 09:12:34,42,,678.0,677.0,0.0,40.06,43.29,45.2,53.95,0.3276449688310801,530669568.0
540,2026-02-12 09:13:34,42,,487.0,489.0,0.0,40.08,43.04,44.86,49.37,0.3953898562692366,530374656.0
600,2026-02-12 09:14:34,42,,482.0,482.0,0.0,39.84,43.27,45.42,51.72,0.2760417704318618,530468864.0
660,2026-02-12 09:15:34,42,,522.0,522.0,0.0,39.76,42.51,44.11,49.69,0.2525598918342439,530436096.0
720,2026-02-12 09:16:34,42,,489.0,489.0,0.0,39.88,43.08,45.22,50.07,0.30710085516484387,531451904.0
780,2026-02-12 09:17:34,42,,499.0,499.0,0.0,40.05,42.78,44.62,52.72,0.2700204242386071,531476480.0
840,2026-02-12 09:18:34,42,,602.0,601.0,0.0,39.97,42.76,44.72,51.8,0.31595026545698124,531550208.0
900,2026-02-12 09:19:34,42,,575.0,575.0,0.0,39.71,42.79,43.72,49.24,0.31421677886689275,531484672.0
960,2026-02-12 09:20:34,42,,570.0,570.0,0.0,39.85,42.78,44.26,49.84,0.3311956659963743,531652608.0
1020,2026-02-12 09:21:34,42,,606.0,606.0,0.0,40.09,43.6,45.42,53.89,0.34747672324578704,531505152.0
1080,2026-02-12 09:22:34,42,,636.0,636.0,0.0,39.71,42.42,44.14,51.32,0.3529238688527943,531988480.0
1140,2026-02-12 09:23:34,42,,654.0,654.0,0.0,39.8,42.34,44.54,51.91,0.3693888458348538,532389888.0
1200,2026-02-12 09:24:34,42,,817.0,815.0,0.0,40.08,43.31,45.46,52.69,0.3759032801227647,533180416.0
1260,2026-02-12 09:25:34,42,,806.0,806.0,0.0,39.96,43.36,45.41,52.99,0.49367393832009615,533458944.0
1320,2026-02-12 09:26:34,42,,930.0,929.0,0.0,40.03,43.79,46.2,52.92,0.46557482569552755,534425600.0
1380,2026-02-12 09:27:34,42,,958.0,958.0,0.0,40.13,43.56,45.48,51.8,0.5737693826637433,534695936.0
1440,2026-02-12 09:28:34,42,,962.0,962.0,0.0,40.09,43.07,45.54,54.09,0.5686422104436282,534863872.0
1500,2026-02-12 09:29:34,42,,979.0,979.0,0.0,39.98,43.28,45.5,52.21,0.5875189350857943,534671360.0
1560,2026-02-12 09:30:34,42,,960.0,960.0,0.0,40.08,43.36,45.86,52.3,0.5513272135376996,534716416.0
1620,2026-02-12 09:31:34,42,,859.0,860.0,0.0,40.12,44.0,46.85,53.32,0.5688066374531113,534433792.0
1680,2026-02-12 09:32:34,42,,663.0,664.0,0.0,39.55,42.0,43.35,50.07,0.4364699062098024,535109632.0
1740,2026-02-12 09:33:34,42,,609.0,610.0,0.0,39.94,42.97,45.53,51.96,0.3997083275602806,534618112.0
1800,2026-02-12 09:34:34,42,,524.0,525.0,0.0,39.64,42.32,44.12,49.24,0.3648146551368468,534540288.0
60,2026-02-12 09:37:47,48,,967.0,958.0,0.0,31.09,32.35,36.88,52.28,0.18590044863844402,452239360.0
120,2026-02-12 09:38:47,48,,970.0,970.0,0.0,29.76,31.92,35.42,49.46,0.3846375556398658,453197824.0
180,2026-02-12 09:39:47,48,,796.0,797.0,0.0,29.85,32.24,36.26,49.44,0.39173323504209623,452980736.0
240,2026-02-12 09:40:47,48,,634.0,636.0,0.0,29.76,31.84,35.55,49.77,0.3292230410989815,452366336.0
300,2026-02-12 09:41:47,48,,520.0,521.0,0.0,29.76,32.11,36.12,48.64,0.26313835205380975,452517888.0
360,2026-02-12 09:42:47,48,,635.0,634.0,0.0,29.67,31.55,33.46,48.63,0.25231926760052426,452554752.0
420,2026-02-12 09:43:47,48,,640.0,640.0,0.0,29.91,31.76,34.54,49.13,0.2748721515228631,452882432.0
480,2026-02-12 09:44:47,48,,678.0,677.0,0.0,29.79,32.17,35.28,49.87,0.2874881483343048,452800512.0
540,2026-02-12 09:45:47,48,,487.0,489.0,0.0,29.72,31.74,35.49,48.04,0.26191686004919024,452476928.0
600,2026-02-12 09:46:47,48,,482.0,482.0,0.0,29.71,31.9,34.18,48.68,0.21858214217714889,452763648.0
660,2026-02-12 09:47:47,48,,522.0,522.0,0.0,29.87,31.97,34.03,49.67,0.21816394027269342,452960256.0
720,2026-02-12 09:48:47,48,,489.0,489.0,0.0,29.83,32.05,33.8,47.96,0.22245238776913479,452546560.0
780,2026-02-12 09:49:47,48,,499.0,499.0,0.0,29.82,31.9,34.32,48.68,0.21817745379550774,452956160.0
840,2026-02-12 09:50:47,48,,602.0,601.0,0.0,30.17,32.65,34.48,49.06,0.23764995979550435,452591616.0
900,2026-02-12 09:51:47,48,,575.0,575.0,0.0,30.08,32.5,35.42,49.69,0.25920662878738066,452988928.0
960,2026-02-12 09:52:47,48,,570.0,570.0,0.0,29.91,32.57,35.51,48.1,0.2548680620097617,452878336.0
1020,2026-02-12 09:53:47,48,,606.0,606.0,0.0,29.82,32.35,36.4,49.66,0.25718121182169884,452661248.0
1080,2026-02-12 09:54:47,48,,636.0,636.0,0.0,29.77,32.13,35.17,48.03,0.2692595676777857,453091328.0
1140,2026-02-12 09:55:47,48,,654.0,654.0,0.0,29.63,32.04,34.82,48.85,0.27927750302147797,453058560.0
1200,2026-02-12 09:56:47,48,,817.0,815.0,0.0,29.86,32.44,34.87,49.73,0.31428307499179314,453193728.0
1260,2026-02-12 09:57:47,48,,806.0,806.0,0.0,29.9,32.38,35.27,48.64,0.35152749615881784,455442432.0
1320,2026-02-12 09:58:47,48,,930.0,929.0,0.0,29.77,32.25,35.39,48.58,0.3756159379769018,455385088.0
1380,2026-02-12 09:59:47,48,,958.0,958.0,0.0,29.87,32.09,34.87,48.36,0.4059781860431071,455102464.0
1440,2026-02-12 10:00:47,48,,962.0,962.0,0.0,30.0,32.37,35.15,49.34,0.41875845701940145,455569408.0
1500,2026-02-12 10:01:47,48,,979.0,979.0,0.0,30.08,32.71,35.62,50.36,0.42668709396425664,455725056.0
1560,2026-02-12 10:02:47,48,,960.0,960.0,0.0,30.02,32.6,35.65,50.61,0.42748230078819544,455692288.0
1620,2026-02-12 10:03:47,48,,859.0,860.0,0.0,29.87,32.26,35.78,49.16,0.4020586522392138,455294976.0
1680,2026-02-12 10:04:47,48,,663.0,664.0,0.0,29.84,31.73,34.2,51.05,0.3442821425120937,455946240.0
1740,2026-02-12 10:05:47,48,,609.0,610.0,0.0,30.04,33.08,36.75,49.89,0.28394170750523684,455442432.0
1800,2026-02-12 10:06:47,48,,524.0,525.0,0.0,29.8,32.14,35.11,48.26,0.2543413793910335,455241728.0
60,2026-02-12 10:09:56,51,,967.0,958.0,0.0,41.19,44.52,49.34,60.01,0.237859249669668,495546368.0
120,2026-02-12 10:10:56,51,,970.0,970.0,0.0,40.85,43.5,48.45,59.75,0.5363828835133342,500117504.0
180,2026-02-12 10:11:56,51,,796.0,797.0,0.0,41.03,44.28,49.27,60.45,0.6139574344701892,498659328.0
240,2026-02-12 10:12:56,51,,634.0,636.0,0.0,41.02,43.86,47.74,61.05,0.519507060002333,499077120.0
300,2026-02-12 10:13:56,51,,520.0,521.0,0.0,40.97,44.02,46.93,58.95,0.4210509753840719,499081216.0
360,2026-02-12 10:14:56,51,,635.0,634.0,0.0,41.02,44.46,51.12,59.43,0.388633381111671,499666944.0
420,2026-02-12 10:15:56,51,,640.0,640.0,0.0,41.19,44.24,48.86,60.32,0.4190698747890397,499990528.0
480,2026-02-12 10:16:56,51,,678.0,677.0,0.0,41.29,44.98,49.29,60.6,0.44176457640455197,500117504.0
540,2026-02-12 10:17:56,51,,487.0,489.0,0.0,41.2,44.91,50.14,60.3,0.4133889968954457,500035584.0
600,2026-02-12 10:18:56,51,,482.0,482.0,0.0,41.25,44.6,50.46,60.62,0.35284189575046676,500346880.0
660,2026-02-12 10:19:56,51,,522.0,522.0,0.0,41.18,44.7,48.41,61.85,0.3366442882435893,500465664.0
720,2026-02-12 10:20:56,51,,489.0,489.0,0.0,41.18,45.03,47.98,58.74,0.34307155362534286,500379648.0
780,2026-02-12 10:21:56,51,,499.0,499.0,0.0,41.32,44.58,48.51,62.06,0.3408140032528263,500736000.0
840,2026-02-12 10:22:56,51,,602.0,601.0,0.0,40.78,43.68,47.83,59.53,0.36153931696173636,501776384.0
900,2026-02-12 10:23:56,51,,575.0,575.0,0.0,41.17,44.89,50.0,60.07,0.39132995331001535,501460992.0
960,2026-02-12 10:24:56,51,,570.0,570.0,0.0,40.93,43.99,47.59,59.41,0.39235228371506253,502673408.0
1020,2026-02-12 10:25:56,51,,606.0,606.0,0.0,40.85,44.14,47.81,59.74,0.394739813631176,501739520.0
1080,2026-02-12 10:26:56,51,,636.0,636.0,0.0,41.32,45.44,49.64,61.66,0.4135573484986622,501395456.0
1140,2026-02-12 10:27:56,51,,654.0,654.0,0.0,41.3,44.89,48.28,59.99,0.43510026346217806,501678080.0
1200,2026-02-12 10:28:56,51,,817.0,815.0,0.0,41.07,45.14,49.66,59.38,0.48424083868922585,501825536.0
1260,2026-02-12 10:29:56,51,,806.0,806.0,0.0,41.04,44.3,48.76,61.41,0.5358978733212831,501936128.0
1320,2026-02-12 10:30:56,51,,930.0,929.0,0.0,47.61,48.05,59.0,292.6,0.5841000625125977,508198912.0
1380,2026-02-12 10:31:56,51,,958.0,958.0,0.0,41.32,44.32,50.51,59.71,0.6340783944396677,508272640.0
1440,2026-02-12 10:32:56,51,,962.0,962.0,0.0,41.28,44.39,50.64,60.62,0.6528782814549708,510124032.0
1500,2026-02-12 10:33:56,51,,979.0,979.0,0.0,41.21,43.92,49.62,61.09,0.6608753707320796,508985344.0
1560,2026-02-12 10:34:56,51,,960.0,960.0,0.0,41.26,44.74,49.93,60.46,0.6619880689352384,508559360.0
1620,2026-02-12 10:35:56,51,,859.0,860.0,0.0,41.2,45.06,51.93,60.19,0.6330218485240907,511025152.0
1680,2026-02-12 10:36:56,51,,663.0,664.0,0.0,41.06,44.55,48.01,61.43,0.5452390586040786,508432384.0
1740,2026-02-12 10:37:56,51,,609.0,610.0,0.0,41.07,44.13,47.14,62.88,0.4599565449481952,508411904.0
1800,2026-02-12 10:38:56,51,,524.0,525.0,0.0,41.01,44.39,49.27,58.99,0.4008763764176322,508690432.0
60,2026-02-12 10:42:08,56,,967.0,958.0,0.0,33.62,36.15,39.67,53.89,0.19893096483647904,421355520.0
120,2026-02-12 10:43:08,56,,970.0,970.0,0.0,33.48,36.07,39.43,52.87,0.415933539027872,422215680.0
180,2026-02-12 10:44:08,56,,796.0,797.0,0.0,33.47,35.88,39.44,52.62,0.42899525223297635,423186432.0
240,2026-02-12 10:45:08,56,,634.0,636.0,0.0,33.31,35.23,39.46,52.33,0.3687746942348505,423231488.0
300,2026-02-12 10:46:08,56,,520.0,521.0,0.0,33.37,35.47,38.6,53.31,0.29535833758273444,423313408.0
360,2026-02-12 10:47:08,56,,635.0,634.0,0.0,33.57,36.37,40.19,53.17,0.28743214128507133,422719488.0
420,2026-02-12 10:48:08,56,,640.0,640.0,0.0,33.4,35.5,38.21,53.6,0.2684103623026508,423022592.0
480,2026-02-12 10:49:08,56,,678.0,677.0,0.0,33.56,36.25,39.62,52.44,0.2978895997042807,423198720.0
540,2026-02-12 10:50:08,56,,487.0,489.0,0.0,33.31,35.89,38.86,52.45,0.29961582010446225,423161856.0
600,2026-02-12 10:51:08,56,,482.0,482.0,0.0,33.68,36.65,40.36,51.02,0.24221317598060904,423272448.0
660,2026-02-12 10:52:08,56,,522.0,522.0,0.0,33.54,36.14,41.1,53.79,0.22611422784848587,423079936.0
720,2026-02-12 10:53:08,56,,489.0,489.0,0.0,33.41,35.51,38.59,53.58,0.2527595421582263,423006208.0
780,2026-02-12 10:54:08,56,,499.0,499.0,0.0,33.51,36.44,40.12,54.15,0.23552078319606623,423407616.0
840,2026-02-12 10:55:08,56,,602.0,601.0,0.0,33.44,35.5,41.76,51.88,0.24524637052430356,423419904.0
900,2026-02-12 10:56:08,56,,575.0,575.0,0.0,33.61,35.87,38.94,53.32,0.2681638637337918,423956480.0
960,2026-02-12 10:57:08,56,,570.0,570.0,0.0,33.45,35.78,37.81,53.6,0.2884650905959298,423579648.0
1020,2026-02-12 10:58:08,56,,606.0,606.0,0.0,33.5,36.8,39.4,51.71,0.2754270131880732,424120320.0
1080,2026-02-12 10:59:08,56,,636.0,636.0,0.0,33.9,37.55,41.81,51.57,0.3096980539682481,423837696.0
1140,2026-02-12 11:00:08,56,,654.0,654.0,0.0,34.04,37.07,40.09,53.18,0.3160912082978278,423940096.0
1200,2026-02-12 11:01:08,56,,817.0,815.0,0.0,33.67,36.44,39.51,54.08,0.35537294728208424,424005632.0
1260,2026-02-12 11:02:08,56,,806.0,806.0,0.0,33.58,36.25,39.41,52.57,0.3856982565865915,423866368.0
1320,2026-02-12 11:03:08,56,,930.0,929.0,0.0,33.7,36.86,39.85,53.07,0.4273645480793019,424448000.0
1380,2026-02-12 11:04:08,56,,958.0,958.0,0.0,33.7,36.4,39.74,52.56,0.4625482435431201,424243200.0
1440,2026-02-12 11:05:08,56,,962.0,962.0,0.0,33.79,36.39,42.37,53.33,0.47808148490780233,424087552.0
1500,2026-02-12 11:06:08,56,,979.0,979.0,0.0,33.75,36.85,40.42,53.14,0.48544501683832186,424591360.0
1560,2026-02-12 11:07:08,56,,960.0,960.0,0.0,33.83,36.86,42.14,52.49,0.46913323853392574,423997440.0
1620,2026-02-12 11:08:08,56,,859.0,860.0,0.0,33.6,36.23,40.01,52.76,0.44359688832902333,424964096.0
1680,2026-02-12 11:09:08,56,,663.0,664.0,0.0,33.55,36.29,39.85,52.18,0.403034193075796,424697856.0
1740,2026-02-12 11:10:08,56,,609.0,610.0,0.0,33.25,35.76,38.26,52.02,0.2778744317974362,424288256.0
1800,2026-02-12 11:11:08,56,,524.0,525.0,0.0,33.34,35.74,38.87,51.8,0.2891075917819851,424660992.0
60,2026-02-12 11:14:19,63,,967.0,958.0,0.0,38.97,43.07,54.37,58.91,0.13755127376039522,506634240.0
120,2026-02-12 11:15:19,63,,970.0,970.0,0.0,38.94,43.76,54.64,60.87,0.5736763569317889,508882944.0
180,2026-02-12 11:16:19,63,,796.0,797.0,0.0,39.05,43.37,54.44,59.3,0.5767220892293656,509550592.0
240,2026-02-12 11:17:19,63,,634.0,636.0,0.0,39.18,43.85,54.66,61.07,0.47652080129916874,509554688.0
300,2026-02-12 11:18:19,63,,520.0,521.0,0.0,39.21,43.0,55.22,58.52,0.381016527857853,509562880.0
360,2026-02-12 11:19:19,63,,635.0,634.0,0.0,38.67,42.29,53.86,58.19,0.32506292004431914,509427712.0
420,2026-02-12 11:20:19,63,,640.0,640.0,0.0,38.94,43.29,54.16,58.82,0.4003323551860252,509358080.0
480,2026-02-12 11:21:19,63,,678.0,677.0,0.0,39.18,43.74,54.48,60.87,0.40948939278287827,509931520.0
540,2026-02-12 11:22:19,63,,487.0,489.0,0.0,38.77,42.24,54.47,59.1,0.39353792951571653,509902848.0
600,2026-02-12 11:23:19,63,,482.0,482.0,0.0,38.77,42.76,53.92,59.27,0.30537837462326267,509763584.0
660,2026-02-12 11:24:19,63,,522.0,522.0,0.0,38.92,43.12,54.66,58.76,0.31233682265113016,510050304.0
720,2026-02-12 11:25:19,63,,489.0,489.0,0.0,38.71,42.28,54.6,61.04,0.32351224443144977,510095360.0
780,2026-02-12 11:26:19,63,,499.0,499.0,0.0,38.75,42.15,54.54,59.42,0.30979254448947596,516354048.0
840,2026-02-12 11:27:19,63,,602.0,601.0,0.0,38.85,43.12,53.51,60.27,0.3293351282481466,516673536.0
900,2026-02-12 11:28:19,63,,575.0,575.0,0.0,38.67,41.98,53.66,60.53,0.37416428630679116,516567040.0
960,2026-02-12 11:29:19,63,,570.0,570.0,0.0,38.67,41.93,54.4,61.17,0.3212397805371753,516747264.0
1020,2026-02-12 11:30:19,63,,606.0,606.0,0.0,38.87,42.6,54.21,59.41,0.36492723852812237,516366336.0
1080,2026-02-12 11:31:19,63,,636.0,636.0,0.0,40.36,48.34,55.34,61.39,0.36302270576235757,516681728.0
1140,2026-02-12 11:32:19,63,,654.0,654.0,0.0,38.94,43.23,54.77,60.45,0.42355744966846726,516489216.0
1200,2026-02-12 11:33:19,63,,817.0,815.0,0.0,39.08,43.52,55.02,59.57,0.4448213825006584,516718592.0
1260,2026-02-12 11:34:19,63,,806.0,806.0,0.0,38.88,43.2,54.55,58.17,0.5138678486231143,517275648.0
1320,2026-02-12 11:35:19,63,,930.0,929.0,0.0,38.95,42.81,54.74,61.23,0.45418045585543393,517083136.0
1380,2026-02-12 11:36:19,63,,958.0,958.0,0.0,39.28,44.29,54.82,60.11,0.5951968881140056,517566464.0
1440,2026-02-12 11:37:19,63,,962.0,962.0,0.0,39.67,45.9,54.73,60.92,0.6087063973401567,517607424.0
1500,2026-02-12 11:38:19,63,,979.0,979.0,0.0,39.15,44.22,54.48,58.4,0.6252566354045832,517406720.0
1560,2026-02-12 11:39:19,63,,960.0,960.0,0.0,39.73,50.96,54.93,62.31,0.6252583803864032,517677056.0
1620,2026-02-12 11:40:19,63,,859.0,860.0,0.0,39.68,49.16,54.96,61.93,0.5944268024396361,517345280.0
1680,2026-02-12 11:41:19,63,,663.0,664.0,0.0,39.65,46.26,54.56,63.87,0.5113419658844333,517107712.0
1740,2026-02-12 11:42:19,63,,609.0,610.0,0.0,39.1,45.55,54.78,59.24,0.4095799343159347,517877760.0
1800,2026-02-12 11:43:19,63,,524.0,525.0,0.0,39.1,44.43,54.59,59.64,0.34152542845673034,517836800.0
60,2026-02-12 11:46:31,67,,967.0,958.0,0.0,52.44,65.35,71.04,81.71,0.16968755858427031,513175552.0
120,2026-02-12 11:47:31,67,,970.0,970.0,0.0,52.84,62.53,72.12,80.26,0.7365562423218835,515334144.0
180,2026-02-12 11:48:31,67,,796.0,797.0,0.0,51.95,62.56,69.13,75.24,0.7548783328052102,515268608.0
240,2026-02-12 11:49:31,67,,634.0,636.0,0.0,52.09,61.18,69.16,74.07,0.6479730152049175,514973696.0
300,2026-02-12 11:50:31,67,,520.0,521.0,0.0,52.06,59.18,68.13,71.81,0.5109551858453697,514981888.0
360,2026-02-12 11:51:31,67,,635.0,634.0,0.0,52.46,59.66,67.87,75.72,0.4576545046568796,515031040.0
420,2026-02-12 11:52:31,67,,640.0,640.0,0.0,52.36,61.75,68.55,75.12,0.5530926344669594,525520896.0
480,2026-02-12 11:53:31,67,,678.0,677.0,0.0,53.57,64.96,69.6,76.96,0.5503824546649652,526012416.0
540,2026-02-12 11:54:31,67,,487.0,489.0,0.0,52.42,61.81,69.11,78.33,0.5554595272433437,526000128.0
600,2026-02-12 11:55:31,67,,482.0,482.0,0.0,52.68,61.34,69.08,80.55,0.39498559706812014,525963264.0
660,2026-02-12 11:56:31,67,,522.0,522.0,0.0,52.57,61.03,67.65,76.16,0.42283090585224165,526409728.0
720,2026-02-12 11:57:31,67,,489.0,489.0,0.0,52.32,59.42,67.69,78.51,0.4466145713917563,526725120.0
780,2026-02-12 11:58:31,67,,499.0,499.0,0.0,52.15,61.42,67.82,73.29,0.39872819639214696,526151680.0
840,2026-02-12 11:59:31,67,,602.0,601.0,0.0,52.22,64.33,69.67,75.08,0.4392548361866837,525991936.0
900,2026-02-12 12:00:31,67,,575.0,575.0,0.0,52.56,63.67,68.7,75.4,0.5038511492917348,525955072.0
960,2026-02-12 12:01:31,67,,570.0,570.0,0.0,52.66,63.19,69.22,80.06,0.4194750652664076,525946880.0
1020,2026-02-12 12:02:31,67,,606.0,606.0,0.0,51.76,58.2,68.13,72.41,0.4990588080806129,526209024.0
1080,2026-02-12 12:03:31,67,,636.0,636.0,0.0,52.01,61.27,68.36,74.86,0.47249074310138056,526737408.0
1140,2026-02-12 12:04:31,67,,654.0,654.0,0.0,52.15,64.35,69.67,74.37,0.5399222452875501,527532032.0
1200,2026-02-12 12:05:31,67,,817.0,815.0,0.0,52.49,62.66,69.4,75.73,0.5873745570486645,530534400.0
1260,2026-02-12 12:06:31,67,,806.0,806.0,0.0,52.6,61.48,68.8,79.12,0.6692408712518472,528207872.0
1320,2026-02-12 12:07:31,67,,930.0,929.0,0.0,53.2,63.68,71.84,90.0,0.7276677500422405,528392192.0
1380,2026-02-12 12:08:31,67,,958.0,958.0,0.0,52.34,63.64,71.19,78.8,0.7764199665616315,529043456.0
1440,2026-02-12 12:09:31,67,,962.0,962.0,0.0,52.43,62.75,72.69,83.85,0.8267765776013256,529362944.0
1500,2026-02-12 12:10:31,67,,979.0,979.0,0.0,52.31,64.4,70.65,79.52,0.7651175185343395,529330176.0
1560,2026-02-12 12:11:31,67,,960.0,960.0,0.0,52.14,59.87,72.13,83.6,0.8409524243194674,529481728.0
1620,2026-02-12 12:12:31,67,,859.0,860.0,0.0,52.38,65.2,69.96,80.12,0.8163859278444603,529883136.0
1680,2026-02-12 12:13:31,67,,663.0,664.0,0.0,51.69,59.08,68.3,74.84,0.6937050865647046,529223680.0
1740,2026-02-12 12:14:31,67,,609.0,610.0,0.0,51.75,59.64,67.64,72.83,0.4953125110301919,529285120.0
1800,2026-02-12 12:15:31,67,,524.0,525.0,0.0,52.35,61.83,67.76,75.89,0.5139925729683195,529321984.0
60,2026-02-12 12:18:43,74,,967.0,958.0,0.0,47.54,55.86,63.25,72.43,0.3143263713775247,524173312.0
120,2026-02-12 12:19:43,74,,970.0,970.0,0.0,47.34,55.45,63.31,68.96,0.6173681098519928,524279808.0
180,2026-02-12 12:20:43,74,,796.0,797.0,0.0,47.72,56.87,63.89,71.36,0.6603719152763565,524038144.0
240,2026-02-12 12:21:43,74,,634.0,636.0,0.0,47.82,55.54,63.66,72.22,0.5589448974320688,524238848.0
300,2026-02-12 12:22:43,74,,520.0,521.0,0.0,47.78,56.29,63.48,70.17,0.43660965233181565,524169216.0
360,2026-02-12 12:23:43,74,,635.0,634.0,0.0,47.61,56.83,63.38,75.59,0.42291129878478195,524062720.0
420,2026-02-12 12:24:43,74,,640.0,640.0,0.0,47.71,55.24,63.25,69.57,0.4310873443109515,524120064.0
480,2026-02-12 12:25:43,74,,678.0,677.0,0.0,47.78,56.38,63.74,68.98,0.4826804517749508,524378112.0
540,2026-02-12 12:26:43,74,,487.0,489.0,0.0,47.23,54.09,63.13,69.51,0.4556681218525234,524681216.0
600,2026-02-12 12:27:43,74,,482.0,482.0,0.0,46.97,52.99,62.28,66.66,0.361954498876412,527675392.0
660,2026-02-12 12:28:43,74,,522.0,522.0,0.0,47.47,55.45,63.46,70.74,0.33511962298012493,527806464.0
720,2026-02-12 12:29:43,74,,489.0,489.0,0.0,47.48,57.44,62.74,68.0,0.3736769268018259,527667200.0
780,2026-02-12 12:30:43,74,,499.0,499.0,0.0,47.27,53.96,62.34,70.4,0.33424736562259694,527769600.0
840,2026-02-12 12:31:43,74,,602.0,601.0,0.0,47.5,56.0,63.8,70.07,0.3861369517904083,527814656.0
900,2026-02-12 12:32:43,74,,575.0,575.0,0.0,47.45,58.63,63.97,69.45,0.43121377516663945,527892480.0
960,2026-02-12 12:33:43,74,,570.0,570.0,0.0,47.45,55.88,63.49,68.14,0.4221405124059495,528297984.0
1020,2026-02-12 12:34:43,74,,606.0,606.0,0.0,47.39,56.93,63.3,68.63,0.4272717859900593,528273408.0
1080,2026-02-12 12:35:43,74,,636.0,636.0,0.0,47.37,56.68,62.92,68.79,0.4416272997665657,527761408.0
1140,2026-02-12 12:36:43,74,,654.0,654.0,0.0,47.67,55.68,63.9,68.18,0.47504594125819316,528424960.0
1200,2026-02-12 12:37:43,74,,817.0,815.0,0.0,47.49,55.8,63.0,67.61,0.5048978948376989,528384000.0
1260,2026-02-12 12:38:43,74,,806.0,806.0,0.0,47.05,51.82,62.95,70.06,0.5536148568039941,528199680.0
1320,2026-02-12 12:39:43,74,,930.0,929.0,0.0,47.9,57.29,63.81,74.79,0.6360207467301482,528343040.0
1380,2026-02-12 12:40:43,74,,958.0,958.0,0.0,47.68,56.83,63.47,70.19,0.6951586752809318,528498688.0
1440,2026-02-12 12:41:43,74,,962.0,962.0,0.0,48.08,60.45,64.15,71.9,0.7106976387445968,528879616.0
1500,2026-02-12 12:42:43,74,,979.0,979.0,0.0,47.83,60.41,63.92,67.84,0.6715943184490505,528621568.0
1560,2026-02-12 12:43:43,74,,960.0,960.0,0.0,47.67,55.75,63.39,70.89,0.705540094627122,528269312.0
1620,2026-02-12 12:44:43,74,,859.0,860.0,0.0,47.52,57.2,63.39,68.66,0.67520537629067,528060416.0
1680,2026-02-12 12:45:43,74,,663.0,664.0,0.0,47.39,54.92,63.3,71.34,0.5809340172552158,528261120.0
1740,2026-02-12 12:46:43,74,,609.0,610.0,0.0,47.35,54.98,63.83,72.19,0.47971070009242445,528318464.0
1800,2026-02-12 12:47:43,74,,524.0,525.0,0.0,47.53,56.64,62.73,67.99,0.4129528901920903,529018880.0
60,2026-02-12 12:50:56,83,,967.0,958.0,0.0,50.93,57.32,66.79,78.27,0.2716449442055054,588816384.0
120,2026-02-12 12:51:56,83,,970.0,970.0,0.0,50.09,55.9,60.66,71.79,0.6525691138607915,590839808.0
180,2026-02-12 12:52:56,83,,796.0,797.0,0.0,50.39,57.68,67.32,72.51,0.7460978848797684,607039488.0
240,2026-02-12 12:53:56,83,,634.0,636.0,0.0,50.0,55.44,63.84,73.3,0.628939566748526,608030720.0
300,2026-02-12 12:54:56,83,,520.0,521.0,0.0,49.67,56.74,62.92,68.69,0.5028457771553784,608628736.0
360,2026-02-12 12:55:56,83,,635.0,634.0,0.0,50.44,57.94,65.51,71.17,0.4678776124653175,608985088.0
420,2026-02-12 12:56:56,83,,640.0,640.0,0.0,50.59,57.85,66.01,72.34,0.5031180547500174,612225024.0
480,2026-02-12 12:57:56,83,,678.0,677.0,0.0,50.25,56.97,65.69,73.79,0.5317609703134469,612556800.0
540,2026-02-12 12:58:56,83,,487.0,489.0,0.0,50.04,55.87,64.31,70.83,0.4932568825548652,612864000.0
600,2026-02-12 12:59:56,83,,482.0,482.0,0.0,49.6,54.83,64.92,68.17,0.4134440728508879,614047744.0
660,2026-02-12 13:00:56,83,,522.0,522.0,0.0,50.16,56.56,65.83,70.38,0.3991672601006304,613126144.0
720,2026-02-12 13:01:56,83,,489.0,489.0,0.0,50.14,56.66,64.89,70.97,0.40924936451657645,613416960.0
780,2026-02-12 13:02:56,83,,499.0,499.0,0.0,49.28,53.72,59.43,69.26,0.40268201318346825,613363712.0
840,2026-02-12 13:03:56,83,,602.0,601.0,0.0,50.26,56.73,65.54,70.91,0.4308639747694283,613761024.0
900,2026-02-12 13:04:56,83,,575.0,575.0,0.0,50.36,56.41,66.59,71.69,0.4698378646324928,613212160.0
960,2026-02-12 13:05:56,83,,570.0,570.0,0.0,50.0,56.61,64.97,71.91,0.468495988800693,613445632.0
1020,2026-02-12 13:06:56,83,,606.0,606.0,0.0,50.84,58.96,67.41,73.32,0.47472060103126534,613421056.0
1080,2026-02-12 13:07:56,83,,636.0,636.0,0.0,50.25,58.6,66.44,71.4,0.4984272344945958,613552128.0
1140,2026-02-12 13:08:56,83,,654.0,654.0,0.0,50.02,55.89,65.45,71.59,0.5185372855691555,614162432.0
1200,2026-02-12 13:09:56,83,,817.0,815.0,0.0,50.39,57.34,65.94,70.27,0.570290575136785,614109184.0
1260,2026-02-12 13:10:56,83,,806.0,806.0,0.0,50.14,55.99,65.54,71.1,0.6334108971185834,613978112.0
1320,2026-02-12 13:11:56,83,,930.0,929.0,0.0,50.04,55.12,66.99,76.5,0.6850012421215743,613588992.0
1380,2026-02-12 13:12:56,83,,958.0,958.0,0.0,50.4,56.33,65.73,76.67,0.743609794697681,613986304.0
1440,2026-02-12 13:13:56,83,,962.0,962.0,0.0,49.84,54.68,64.69,72.96,0.7755255727768937,614481920.0
1500,2026-02-12 13:14:56,83,,979.0,979.0,0.0,50.06,55.34,66.05,75.31,0.7856608696949546,614166528.0
1560,2026-02-12 13:15:56,83,,960.0,960.0,0.0,50.54,57.99,66.17,74.83,0.7910886242625323,614150144.0
1620,2026-02-12 13:16:56,83,,859.0,860.0,0.0,50.51,58.11,67.02,72.91,0.7549998514604979,613875712.0
1680,2026-02-12 13:17:56,83,,663.0,664.0,0.0,50.51,58.32,65.29,72.32,0.6634616698870195,614047744.0
1740,2026-02-12 13:18:56,83,,609.0,610.0,0.0,50.0,56.49,65.61,73.71,0.5492146702002589,613834752.0
1800,2026-02-12 13:19:56,83,,524.0,525.0,0.0,50.31,57.38,65.76,70.78,0.47581180601507944,613900288.0
60,2026-02-12 13:23:10,88,,967.0,958.0,0.0,41.38,44.87,50.76,58.07,0.25011423549383865,475828224.0
120,2026-02-12 13:24:10,88,,970.0,970.0,0.0,40.72,44.52,49.97,56.19,0.5460784989973009,477458432.0
180,2026-02-12 13:25:10,88,,796.0,797.0,0.0,40.38,43.64,47.42,54.93,0.5207992976925437,478146560.0
240,2026-02-12 13:26:10,88,,634.0,636.0,0.0,40.43,44.2,48.27,54.59,0.4496642575079368,478642176.0
300,2026-02-12 13:27:10,88,,520.0,521.0,0.0,40.52,44.28,48.96,54.19,0.3550756096020069,478748672.0
360,2026-02-12 13:28:10,88,,635.0,634.0,0.0,40.24,43.23,46.58,53.34,0.33573579025433903,478896128.0
420,2026-02-12 13:29:10,88,,640.0,640.0,0.0,40.44,43.98,47.33,55.03,0.3415330190891068,479461376.0
480,2026-02-12 13:30:10,88,,678.0,677.0,0.0,40.56,44.01,49.6,54.8,0.39949405701469576,479621120.0
540,2026-02-12 13:31:10,88,,487.0,489.0,0.0,40.25,43.78,47.25,54.41,0.3079585360477145,479588352.0
600,2026-02-12 13:32:10,88,,482.0,482.0,0.0,40.28,43.43,47.27,52.78,0.3062642329599137,479526912.0
660,2026-02-12 13:33:10,88,,522.0,522.0,0.0,40.37,43.48,46.12,53.79,0.3033451151282691,479780864.0
720,2026-02-12 13:34:10,88,,489.0,489.0,0.0,40.22,43.65,47.86,55.1,0.30770555433415503,479821824.0
780,2026-02-12 13:35:10,88,,499.0,499.0,0.0,40.85,45.87,50.61,54.4,0.2854882291924791,479494144.0
840,2026-02-12 13:36:10,88,,602.0,601.0,0.0,40.37,43.94,49.96,55.53,0.3314067487101501,479735808.0
900,2026-02-12 13:37:10,88,,575.0,575.0,0.0,40.71,45.26,48.31,55.13,0.3140245225362595,480026624.0
960,2026-02-12 13:38:10,88,,570.0,570.0,0.0,40.23,43.79,46.35,54.62,0.32611786909489876,479899648.0
1020,2026-02-12 13:39:10,88,,606.0,606.0,0.0,39.96,42.91,45.21,50.7,0.34624192549215055,479973376.0
1080,2026-02-12 13:40:10,88,,636.0,636.0,0.0,40.67,44.4,49.45,55.65,0.37635006661868187,480149504.0
1140,2026-02-12 13:41:10,88,,654.0,654.0,0.0,40.78,44.81,49.46,55.29,0.3395864079174722,480378880.0
1200,2026-02-12 13:42:10,88,,817.0,815.0,0.0,40.66,44.96,50.24,55.43,0.4207080709895862,480481280.0
1260,2026-02-12 13:43:10,88,,806.0,806.0,0.0,40.68,45.4,50.29,56.62,0.4577129915654046,481001472.0
1320,2026-02-12 13:44:10,88,,930.0,929.0,0.0,40.73,44.59,48.47,56.83,0.5217060504039398,481103872.0
1380,2026-02-12 13:45:10,88,,958.0,958.0,0.0,40.73,44.82,48.26,55.5,0.5359344721822656,480632832.0
1440,2026-02-12 13:46:10,88,,962.0,962.0,0.0,40.77,45.18,49.88,56.18,0.5860518442268213,480841728.0
1500,2026-02-12 13:47:10,88,,979.0,979.0,0.0,40.96,45.51,48.72,57.48,0.5985364155971322,481214464.0
1560,2026-02-12 13:48:10,88,,960.0,960.0,0.0,40.84,45.33,49.49,56.43,0.6048502215209796,481587200.0
1620,2026-02-12 13:49:10,88,,859.0,860.0,0.0,40.61,44.55,48.39,56.42,0.5544049641434197,481431552.0
1680,2026-02-12 13:50:10,88,,663.0,664.0,0.0,40.66,44.55,47.87,55.01,0.4602780894524482,480927744.0
1740,2026-02-12 13:51:10,88,,609.0,610.0,0.0,44.63,50.63,53.65,58.81,0.39263321491988573,480866304.0
1800,2026-02-12 13:52:10,88,,524.0,525.0,0.0,42.07,46.68,50.55,60.85,0.39985599140815953,481132544.0
60,2026-02-12 16:44:06,89,,967.0,958.0,0.0,42.77,37.85,39.72,332.3,0.16926371978712948,548945920.0
120,2026-02-12 16:45:06,89,,970.0,970.0,0.0,35.55,38.71,41.7,47.37,0.43218931901177965,552316928.0
180,2026-02-12 16:46:06,89,,796.0,797.0,0.0,41.29,48.21,51.02,57.05,0.488426062977142,553127936.0
240,2026-02-12 16:47:06,89,,634.0,636.0,0.0,44.66,52.45,55.43,60.16,0.5202173133375955,553263104.0
300,2026-02-12 16:48:06,89,,520.0,521.0,0.0,35.48,38.39,41.09,47.96,0.4073327486723147,553332736.0
360,2026-02-12 16:49:06,89,,635.0,634.0,0.0,35.17,37.61,39.34,46.01,0.3464835573052563,553648128.0
420,2026-02-12 16:50:06,89,,640.0,640.0,0.0,35.12,37.38,38.84,45.51,0.34798925227836186,554078208.0
480,2026-02-12 16:51:06,89,,678.0,677.0,0.0,35.38,37.49,39.17,50.14,0.36765807620561175,554078208.0
540,2026-02-12 16:52:06,89,,487.0,489.0,0.0,35.03,37.47,39.39,43.66,0.33960515795399243,554414080.0
600,2026-02-12 16:53:06,89,,482.0,482.0,0.0,34.78,37.3,39.84,43.62,0.2966255607945189,554184704.0
660,2026-02-12 16:54:06,89,,522.0,522.0,0.0,35.18,37.3,38.91,49.01,0.27632898615028106,554356736.0
720,2026-02-12 16:55:06,89,,489.0,489.0,0.0,34.92,37.2,39.2,46.45,0.2826123103202768,555917312.0
780,2026-02-12 16:56:06,89,,499.0,499.0,0.0,34.97,37.57,40.05,47.05,0.2799329181284454,556146688.0
840,2026-02-12 16:57:06,89,,602.0,601.0,0.0,34.93,37.44,39.84,48.14,0.2940884031661186,556388352.0
900,2026-02-12 16:58:06,89,,575.0,575.0,0.0,34.88,37.26,39.17,45.95,0.31540996514112685,556523520.0
960,2026-02-12 16:59:06,89,,570.0,570.0,0.0,34.98,37.77,39.01,46.36,0.30064445062424333,556310528.0
1020,2026-02-12 17:00:06,89,,606.0,606.0,0.0,36.75,41.71,46.27,66.05,0.32820111330266827,556449792.0
1080,2026-02-12 17:01:06,89,,636.0,636.0,0.0,35.54,39.18,42.59,49.81,0.3288555886628963,556572672.0
1140,2026-02-12 17:02:06,89,,654.0,654.0,0.0,34.87,37.31,38.74,47.8,0.36496481757459354,556634112.0
1200,2026-02-12 17:03:06,89,,817.0,815.0,0.0,34.83,37.25,38.97,44.62,0.3705567004587569,556756992.0
1260,2026-02-12 17:04:06,89,,806.0,806.0,0.0,34.81,37.37,38.83,44.23,0.4323528310696925,557109248.0
1320,2026-02-12 17:05:06,89,,930.0,929.0,0.0,34.71,37.23,39.19,46.58,0.4198553265048582,557481984.0
1380,2026-02-12 17:06:06,89,,958.0,958.0,0.0,34.58,36.95,38.72,48.0,0.4665957890287627,557035520.0
1440,2026-02-12 17:07:06,89,,962.0,962.0,0.0,34.76,37.38,39.61,46.72,0.4849326233034123,557277184.0
1500,2026-02-12 17:08:06,89,,979.0,979.0,0.0,34.67,37.33,39.16,48.63,0.5042398141453553,557535232.0
1560,2026-02-12 17:09:06,89,,960.0,960.0,0.0,34.59,37.39,38.67,44.42,0.5390173705981525,557481984.0
1620,2026-02-12 17:10:06,89,,859.0,860.0,0.0,34.49,36.63,38.54,45.68,0.5155651377075099,557260800.0
1680,2026-02-12 17:11:06,89,,663.0,664.0,0.0,34.5,36.3,38.18,45.21,0.45923051887856814,557355008.0
1740,2026-02-12 17:12:06,89,,609.0,610.0,0.0,34.71,36.81,38.51,43.28,0.37281506070694437,557101056.0
1800,2026-02-12 17:13:06,89,,524.0,525.0,0.0,34.87,36.99,38.74,47.79,0.2970997165768915,557015040.0
60,2026-02-12 17:16:19,92,,967.0,958.0,0.0,50.57,53.61,61.98,69.32,0.22284053132310389,519143424.0
120,2026-02-12 17:17:19,92,,970.0,970.0,0.0,50.04,54.04,59.06,70.83,0.7048212729796048,519696384.0
180,2026-02-12 17:18:19,92,,796.0,797.0,0.0,50.09,53.54,58.05,70.22,0.6481535355571355,519159808.0
240,2026-02-12 17:19:19,92,,634.0,636.0,0.0,50.11,53.93,59.15,69.89,0.5766688019239322,519290880.0
300,2026-02-12 17:20:19,92,,520.0,521.0,0.0,50.0,53.14,58.59,68.6,0.45173950348814884,519421952.0
360,2026-02-12 17:21:19,92,,635.0,634.0,0.0,50.01,53.11,58.01,69.08,0.42244762720726503,519217152.0
420,2026-02-12 17:22:19,92,,640.0,640.0,0.0,50.22,53.6,58.87,69.23,0.4868309327704157,519790592.0
480,2026-02-12 17:23:19,92,,678.0,677.0,0.0,50.26,53.78,61.33,67.37,0.46285627798504014,519618560.0
540,2026-02-12 17:24:19,92,,487.0,489.0,0.0,50.18,53.43,56.98,68.51,0.47872783735282776,526417920.0
600,2026-02-12 17:25:19,92,,482.0,482.0,0.0,50.08,53.92,60.54,68.14,0.33484805609637075,527110144.0
660,2026-02-12 17:26:19,92,,522.0,522.0,0.0,49.93,53.14,56.83,70.39,0.378678007019829,526929920.0
720,2026-02-12 17:27:19,92,,489.0,489.0,0.0,50.41,55.52,59.77,68.92,0.3685007164309816,526397440.0
780,2026-02-12 17:28:19,92,,499.0,499.0,0.0,50.02,53.04,59.23,69.15,0.3792154380848223,526946304.0
840,2026-02-12 17:29:19,92,,602.0,601.0,0.0,50.13,53.29,63.13,68.71,0.4065674236608915,526700544.0
900,2026-02-12 17:30:19,92,,575.0,575.0,0.0,50.33,54.86,60.6,68.0,0.4323055330700204,526901248.0
960,2026-02-12 17:31:19,92,,570.0,570.0,0.0,50.03,54.21,59.63,68.8,0.43992039353400075,527069184.0
1020,2026-02-12 17:32:19,92,,606.0,606.0,0.0,49.94,52.68,58.74,69.29,0.4201966767816919,527015936.0
1080,2026-02-12 17:33:19,92,,636.0,636.0,0.0,50.11,53.35,61.66,69.61,0.47028379046082325,527060992.0
1140,2026-02-12 17:34:19,92,,654.0,654.0,0.0,49.97,53.08,57.19,69.44,0.48232559344554327,527126528.0
1200,2026-02-12 17:35:19,92,,817.0,815.0,0.0,50.13,53.72,60.97,68.88,0.5158035080369509,527253504.0
1260,2026-02-12 17:36:19,92,,806.0,806.0,0.0,50.0,53.47,59.88,70.66,0.6197822523457389,526794752.0
1320,2026-02-12 17:37:19,92,,930.0,929.0,0.0,50.23,54.39,59.75,70.14,0.6102835410797856,527241216.0
1380,2026-02-12 17:38:19,92,,958.0,958.0,0.0,49.96,53.46,59.11,70.63,0.7199691236380495,527458304.0
1440,2026-02-12 17:39:19,92,,962.0,962.0,0.0,49.84,52.91,59.3,71.21,0.7333141400614949,527708160.0
1500,2026-02-12 17:40:19,92,,979.0,979.0,0.0,50.15,54.18,61.58,71.28,0.736141979919865,527040512.0
1560,2026-02-12 17:41:19,92,,960.0,960.0,0.0,49.76,53.1,60.01,70.19,0.7094384755509244,527376384.0
1620,2026-02-12 17:42:19,92,,859.0,860.0,0.0,50.08,53.65,58.16,69.8,0.7051544217328272,527708160.0
1680,2026-02-12 17:43:19,92,,663.0,664.0,0.0,50.01,53.35,58.97,67.6,0.5647369920315903,527339520.0
1740,2026-02-12 17:44:19,92,,609.0,610.0,0.0,50.02,53.01,55.97,68.1,0.4916117902167346,530317312.0
1800,2026-02-12 17:45:19,92,,524.0,525.0,0.0,50.25,53.87,58.41,68.89,0.44566844010960366,532860928.0
60,2026-02-12 17:48:32,93,,967.0,958.0,0.0,49.66,53.62,61.74,72.5,0.10054451809596211,609312768.0
120,2026-02-12 17:49:32,93,,970.0,970.0,0.0,48.32,51.51,56.92,68.68,0.7607129113165301,622440448.0
180,2026-02-12 17:50:32,93,,796.0,797.0,0.0,48.29,51.57,57.42,67.52,0.7012772808327978,623390720.0
240,2026-02-12 17:51:32,93,,634.0,636.0,0.0,48.92,51.95,58.32,72.02,0.6039479927254421,624574464.0
300,2026-02-12 17:52:32,93,,520.0,521.0,0.0,48.78,52.01,59.46,67.55,0.47055164787413417,627167232.0
360,2026-02-12 17:53:32,93,,635.0,634.0,0.0,48.68,52.09,58.97,69.58,0.39712432092707173,627306496.0
420,2026-02-12 17:54:32,93,,640.0,640.0,0.0,48.7,52.08,62.11,70.47,0.4763441882745624,627748864.0
480,2026-02-12 17:55:32,93,,678.0,677.0,0.0,48.58,52.54,59.47,67.49,0.4797154509134869,628420608.0
540,2026-02-12 17:56:32,93,,487.0,489.0,0.0,48.59,52.04,55.34,67.91,0.4774477423962838,628219904.0
600,2026-02-12 17:57:32,93,,482.0,482.0,0.0,48.68,52.21,60.61,67.93,0.3600445458730793,628133888.0
660,2026-02-12 17:58:32,93,,522.0,522.0,0.0,48.53,51.77,57.91,67.74,0.3836052711779976,628285440.0
720,2026-02-12 17:59:32,93,,489.0,489.0,0.0,48.91,52.33,59.09,70.58,0.4071958358507444,629059584.0
780,2026-02-12 18:00:32,93,,499.0,499.0,0.0,48.76,52.33,57.06,69.76,0.38964955450357974,628535296.0
840,2026-02-12 18:01:32,93,,602.0,601.0,0.0,48.84,52.7,57.82,69.54,0.3772515153366015,629067776.0
900,2026-02-12 18:02:32,93,,575.0,575.0,0.0,48.7,52.87,58.57,68.05,0.45118059905855534,629080064.0
960,2026-02-12 18:03:32,93,,570.0,570.0,0.0,48.53,52.95,59.08,66.24,0.4479019285588285,628797440.0
1020,2026-02-12 18:04:32,93,,606.0,606.0,0.0,48.51,52.38,60.39,67.25,0.42399949633364653,628998144.0
1080,2026-02-12 18:05:32,93,,636.0,636.0,0.0,48.49,51.73,57.57,68.17,0.481506293034961,629526528.0
1140,2026-02-12 18:06:32,93,,654.0,654.0,0.0,48.74,52.22,59.66,67.58,0.45569115503475655,628809728.0
1200,2026-02-12 18:07:32,93,,817.0,815.0,0.0,48.79,53.17,60.13,67.76,0.5429215700178841,628998144.0
1260,2026-02-12 18:08:32,93,,806.0,806.0,0.0,48.36,51.63,58.72,66.71,0.6084091706736497,629542912.0
1320,2026-02-12 18:09:32,93,,930.0,929.0,0.0,48.69,52.63,58.61,69.27,0.641059450275453,629436416.0
1380,2026-02-12 18:10:32,93,,958.0,958.0,0.0,48.67,52.17,57.95,70.74,0.7371714664531231,629469184.0
1440,2026-02-12 18:11:32,93,,962.0,962.0,0.0,48.5,51.79,56.75,68.33,0.7176754825997301,630288384.0
1500,2026-02-12 18:12:32,93,,979.0,979.0,0.0,48.38,51.35,57.25,70.74,0.7270323090633763,629927936.0
1560,2026-02-12 18:13:32,93,,960.0,960.0,0.0,48.41,51.54,56.28,68.29,0.6607099659039533,629751808.0
1620,2026-02-12 18:14:32,93,,859.0,860.0,0.0,48.55,52.75,59.45,67.72,0.7436180301677158,629706752.0
1680,2026-02-12 18:15:32,93,,663.0,664.0,0.0,48.57,51.73,56.7,68.16,0.6588225352221002,629485568.0
1740,2026-02-12 18:16:32,93,,609.0,610.0,0.0,48.37,51.57,55.73,67.19,0.5081577222116943,629489664.0
1800,2026-02-12 18:17:32,93,,524.0,525.0,0.0,48.85,53.1,61.24,68.21,0.41932798162959095,629411840.0
60,2026-02-12 21:38:19,96,,967.0,958.0,0.0,63.07,59.3,69.77,488.15,0.23742994634149242,647413760.0
120,2026-02-12 21:39:19,96,,970.0,970.0,0.0,53.02,56.99,62.31,74.13,0.6925079271666267,649416704.0
180,2026-02-12 21:40:19,96,,796.0,797.0,0.0,53.93,61.28,67.43,73.91,0.7140053324953674,651296768.0
240,2026-02-12 21:41:19,96,,634.0,636.0,0.0,53.66,58.11,64.71,73.11,0.627634026701098,650928128.0
300,2026-02-12 21:42:19,96,,520.0,521.0,0.0,53.25,58.19,63.66,71.69,0.5002431193701958,651661312.0
360,2026-02-12 21:43:19,96,,635.0,634.0,0.0,53.47,58.26,63.16,71.47,0.4572348717556467,652292096.0
420,2026-02-12 21:44:19,96,,640.0,640.0,0.0,53.47,58.09,63.38,73.27,0.525961000234792,651993088.0
480,2026-02-12 21:45:19,96,,678.0,677.0,0.0,53.21,57.59,64.19,71.11,0.5366062701485281,652021760.0
540,2026-02-12 21:46:19,96,,487.0,489.0,0.0,53.44,58.34,62.62,72.33,0.4799150264036979,652091392.0
600,2026-02-12 21:47:19,96,,482.0,482.0,0.0,53.8,58.49,65.03,73.59,0.40197172145461535,652152832.0
660,2026-02-12 21:48:19,96,,522.0,522.0,0.0,53.69,58.67,65.17,75.38,0.40850407834424324,652128256.0
720,2026-02-12 21:49:19,96,,489.0,489.0,0.0,53.79,58.73,65.28,73.78,0.4253441443014753,652402688.0
780,2026-02-12 21:50:19,96,,499.0,499.0,0.0,53.48,57.84,63.97,70.82,0.40344551972392445,651972608.0
840,2026-02-12 21:51:19,96,,602.0,601.0,0.0,53.95,59.12,66.88,72.34,0.4426930761210837,652664832.0
900,2026-02-12 21:52:19,96,,575.0,575.0,0.0,53.4,57.8,64.89,71.49,0.4893688519068448,652533760.0
960,2026-02-12 21:53:19,96,,570.0,570.0,0.0,53.46,58.88,62.27,71.19,0.4734860034494733,652283904.0
1020,2026-02-12 21:54:19,96,,606.0,606.0,0.0,53.68,58.87,65.71,72.95,0.4342190948588299,653066240.0
1080,2026-02-12 21:55:19,96,,636.0,636.0,0.0,53.69,58.98,64.74,72.99,0.5107425783902377,653012992.0
1140,2026-02-12 21:56:19,96,,654.0,654.0,0.0,53.44,57.87,64.5,71.53,0.5056255449424749,653295616.0
1200,2026-02-12 21:57:19,96,,817.0,815.0,0.0,53.49,57.84,65.82,71.61,0.5849843815310253,652685312.0
1260,2026-02-12 21:58:19,96,,806.0,806.0,0.0,53.28,57.23,63.33,72.16,0.6746868434113488,653176832.0
1320,2026-02-12 21:59:19,96,,930.0,929.0,0.0,53.41,57.69,65.23,74.19,0.6931094526895427,653230080.0
1380,2026-02-12 22:00:19,96,,958.0,958.0,0.0,52.84,57.69,64.09,71.28,0.7711563856247893,653479936.0
1440,2026-02-12 22:01:19,96,,962.0,962.0,0.0,52.93,58.04,63.36,74.42,0.782068819307341,653697024.0
1500,2026-02-12 22:02:19,96,,979.0,979.0,0.0,52.72,57.3,64.38,75.1,0.7894901071925742,654036992.0
1560,2026-02-12 22:03:19,96,,960.0,960.0,0.0,52.7,56.93,63.43,73.63,0.7542346563430777,653496320.0
1620,2026-02-12 22:04:19,96,,859.0,860.0,0.0,52.78,56.84,62.57,71.06,0.725651676221131,653660160.0
1680,2026-02-12 22:05:19,96,,663.0,664.0,0.0,52.67,56.28,62.26,72.33,0.6143858371136388,653283328.0
1740,2026-02-12 22:06:19,96,,609.0,610.0,0.0,53.34,58.28,65.24,74.48,0.5250234630411689,653516800.0
1800,2026-02-12 22:07:19,96,,524.0,525.0,0.0,53.31,58.23,64.21,74.39,0.4843948267177116,654016512.0
60,2026-02-12 22:10:33,97,,967.0,958.0,0.0,49.42,51.99,54.83,66.43,0.09973460976054252,508624896.0
120,2026-02-12 22:11:33,97,,970.0,970.0,0.0,49.33,52.77,57.71,66.46,0.6660427502204072,512159744.0
180,2026-02-12 22:12:33,97,,796.0,797.0,0.0,49.16,52.55,55.48,65.94,0.7236348447518479,512647168.0
240,2026-02-12 22:13:33,97,,634.0,636.0,0.0,49.35,52.9,55.87,66.42,0.5268483383569229,513437696.0
300,2026-02-12 22:14:33,97,,520.0,521.0,0.0,49.24,52.3,55.14,64.36,0.46837412435707115,512901120.0
360,2026-02-12 22:15:33,97,,635.0,634.0,0.0,49.26,52.7,56.13,62.79,0.41511624232486694,512753664.0
420,2026-02-12 22:16:33,97,,640.0,640.0,0.0,49.42,53.45,56.84,62.67,0.4953590383379807,512737280.0
480,2026-02-12 22:17:33,97,,678.0,677.0,0.0,49.53,54.67,57.37,62.34,0.5028313677972869,512557056.0
540,2026-02-12 22:18:33,97,,487.0,489.0,0.0,49.13,52.42,54.56,62.37,0.5081360772756025,512651264.0
600,2026-02-12 22:19:33,97,,482.0,482.0,0.0,49.28,52.84,55.79,65.05,0.3611188769127427,512884736.0
660,2026-02-12 22:20:33,97,,522.0,522.0,0.0,48.8,51.68,53.78,58.82,0.35797409745921105,513323008.0
720,2026-02-12 22:21:33,97,,489.0,489.0,0.0,49.47,53.05,55.89,65.08,0.39775995557817845,512946176.0
780,2026-02-12 22:22:33,97,,499.0,499.0,0.0,48.92,51.71,53.64,62.6,0.3608465576662428,512897024.0
840,2026-02-12 22:23:33,97,,602.0,601.0,0.0,49.19,52.5,55.73,65.73,0.39973135471354226,513282048.0
900,2026-02-12 22:24:33,97,,575.0,575.0,0.0,49.37,52.86,55.99,63.77,0.4474214219128654,513028096.0
960,2026-02-12 22:25:33,97,,570.0,570.0,0.0,49.1,52.44,56.31,62.36,0.4277015330182291,513032192.0
1020,2026-02-12 22:26:33,97,,606.0,606.0,0.0,49.38,52.93,56.55,62.74,0.4455908830570776,512737280.0
1080,2026-02-12 22:27:33,97,,636.0,636.0,0.0,49.68,54.13,57.66,64.13,0.4814289810886915,513056768.0
1140,2026-02-12 22:28:33,97,,654.0,654.0,0.0,49.5,53.72,56.64,60.69,0.4330727856758711,512815104.0
1200,2026-02-12 22:29:33,97,,817.0,815.0,0.0,49.49,53.98,57.01,63.75,0.5028711642124624,513347584.0
1260,2026-02-12 22:30:33,97,,806.0,806.0,0.0,49.42,53.43,56.35,64.73,0.639343737523804,513306624.0
1320,2026-02-12 22:31:33,97,,930.0,929.0,0.0,49.33,53.02,55.89,66.02,0.6589409529128547,513073152.0
1380,2026-02-12 22:32:33,97,,958.0,958.0,0.0,49.47,53.81,57.02,69.25,0.6668095626222328,513146880.0
1440,2026-02-12 22:33:33,97,,962.0,962.0,0.0,49.11,52.68,55.38,66.58,0.6809901862352796,513372160.0
1500,2026-02-12 22:34:33,97,,979.0,979.0,0.0,49.28,53.31,56.68,65.51,0.6894672774716017,513642496.0
1560,2026-02-12 22:35:33,97,,960.0,960.0,0.0,49.4,53.16,57.22,69.79,0.7652296492588248,513318912.0
1620,2026-02-12 22:36:33,97,,859.0,860.0,0.0,50.61,57.16,60.2,67.75,0.7390762727559512,513040384.0
1680,2026-02-12 22:37:33,97,,663.0,664.0,0.0,49.68,54.47,56.94,67.09,0.6248753100501558,513490944.0
1740,2026-02-12 22:38:33,97,,609.0,610.0,0.0,49.14,52.03,55.36,65.19,0.4509477005522339,513204224.0
1800,2026-02-12 22:39:33,97,,524.0,525.0,0.0,49.36,52.86,56.53,61.2,0.47063563268129194,512942080.0
60,2026-02-12 22:42:45,100,,967.0,958.0,0.0,57.03,61.12,65.6,76.02,0.3625871148357184,591839232.0
120,2026-02-12 22:43:45,100,,970.0,970.0,0.0,56.7,61.1,64.4,72.66,0.7959257260462057,601235456.0
180,2026-02-12 22:44:45,100,,796.0,797.0,0.0,56.81,61.4,63.87,70.3,0.7806932137356309,605249536.0
240,2026-02-12 22:45:45,100,,634.0,636.0,0.0,57.23,61.6,65.29,71.19,0.6521303202132508,604790784.0
300,2026-02-12 22:46:45,100,,520.0,521.0,0.0,56.99,61.45,65.82,73.18,0.5155017356676201,605163520.0
360,2026-02-12 22:47:45,100,,635.0,634.0,0.0,57.01,60.67,63.67,71.5,0.46145989241921215,605429760.0
420,2026-02-12 22:48:45,100,,640.0,640.0,0.0,56.91,60.6,63.62,71.22,0.5522155199776411,608169984.0
480,2026-02-12 22:49:45,100,,678.0,677.0,0.0,56.94,61.11,64.83,74.97,0.5726481988597214,609816576.0
540,2026-02-12 22:50:45,100,,487.0,489.0,0.0,57.05,61.7,63.75,71.14,0.49677939443376773,609529856.0
600,2026-02-12 22:51:45,100,,482.0,482.0,0.0,57.22,61.51,64.03,70.75,0.4399400615979848,609521664.0
660,2026-02-12 22:52:45,100,,522.0,522.0,0.0,57.04,61.83,65.02,71.14,0.358211170860508,609652736.0
720,2026-02-12 22:53:45,100,,489.0,489.0,0.0,56.8,60.18,64.5,72.0,0.4409615517054518,610226176.0
780,2026-02-12 22:54:45,100,,499.0,499.0,0.0,56.67,60.85,62.84,71.71,0.4304354046350768,609968128.0
840,2026-02-12 22:55:45,100,,602.0,601.0,0.0,56.79,60.12,62.86,69.93,0.47335454406777516,610107392.0
900,2026-02-12 22:56:45,100,,575.0,575.0,0.0,56.79,60.65,63.95,70.49,0.5056973918121781,610512896.0
960,2026-02-12 22:57:45,100,,570.0,570.0,0.0,57.26,61.99,65.07,71.59,0.5015080027944521,610394112.0
1020,2026-02-12 22:58:45,100,,606.0,606.0,0.0,56.83,60.46,63.21,73.07,0.5120847969084312,610471936.0
1080,2026-02-12 22:59:45,100,,636.0,636.0,0.0,56.85,61.13,64.76,71.69,0.5379153258205127,611024896.0
1140,2026-02-12 23:00:45,100,,654.0,654.0,0.0,56.97,61.1,65.81,73.85,0.5604715663871154,610570240.0
1200,2026-02-12 23:01:45,100,,817.0,815.0,0.0,57.03,61.3,65.15,72.82,0.6061655632936119,611192832.0
1260,2026-02-12 23:02:45,100,,806.0,806.0,0.0,56.82,60.91,64.05,71.89,0.6973284903497654,611213312.0
1320,2026-02-12 23:03:45,100,,930.0,929.0,0.0,56.52,60.82,64.19,73.09,0.7477791017780688,611696640.0
1380,2026-02-12 23:04:45,100,,958.0,958.0,0.0,56.7,61.16,64.58,75.8,0.8155391658186152,611299328.0
1440,2026-02-12 23:05:45,100,,962.0,962.0,0.0,56.48,60.39,64.12,76.96,0.8358082991527177,611463168.0
1500,2026-02-12 23:06:45,100,,979.0,979.0,0.0,57.02,62.36,65.6,76.04,0.8472803185157909,611250176.0
1560,2026-02-12 23:07:45,100,,960.0,960.0,0.0,56.7,61.02,65.75,77.27,0.8508818194148361,612433920.0
1620,2026-02-12 23:08:45,100,,859.0,860.0,0.0,56.65,60.82,64.02,73.29,0.8018072948765769,611725312.0
1680,2026-02-12 23:09:45,100,,663.0,664.0,0.0,56.57,59.78,64.17,73.5,0.6769955154327354,611442688.0
1740,2026-02-12 23:10:45,100,,609.0,610.0,0.0,56.55,59.72,63.34,73.44,0.571767436860675,611557376.0
1800,2026-02-12 23:11:45,100,,524.0,525.0,0.0,56.37,59.95,63.73,69.49,0.5007690041108033,611594240.0
60,2026-02-12 23:14:59,106,,967.0,958.0,0.0,19.17,20.87,21.87,24.23,0.08302262412470035,376729600.0
120,2026-02-12 23:15:59,106,,970.0,970.0,0.0,19.2,20.75,21.6,25.37,0.2212666833417386,376795136.0
180,2026-02-12 23:16:59,106,,796.0,797.0,0.0,19.35,21.13,21.93,24.95,0.24564634884978462,376893440.0
240,2026-02-12 23:17:59,106,,634.0,636.0,0.0,19.25,20.96,21.8,23.84,0.20978655219035955,376934400.0
300,2026-02-12 23:18:59,106,,520.0,521.0,0.0,19.16,20.94,22.2,24.23,0.16887537662119215,377016320.0
360,2026-02-12 23:19:59,106,,635.0,634.0,0.0,19.12,20.82,21.52,24.55,0.15410601860471454,378068992.0
420,2026-02-12 23:20:59,106,,640.0,640.0,0.0,19.2,20.83,21.7,24.53,0.16505553713142487,377405440.0
480,2026-02-12 23:21:59,106,,678.0,677.0,0.0,19.24,20.66,21.44,24.45,0.17488526482275746,377507840.0
540,2026-02-12 23:22:59,106,,487.0,489.0,0.0,18.99,20.54,21.48,24.31,0.16447754218624255,377475072.0
600,2026-02-12 23:23:59,106,,482.0,482.0,0.0,19.04,20.59,21.81,24.24,0.1404635357621427,377401344.0
660,2026-02-12 23:24:59,106,,522.0,522.0,0.0,19.09,20.86,21.98,25.83,0.1328303235501363,377597952.0
720,2026-02-12 23:25:59,106,,489.0,489.0,0.0,19.16,21.03,21.97,25.5,0.13522305214698493,377655296.0
780,2026-02-12 23:26:59,106,,499.0,499.0,0.0,19.19,20.96,21.83,24.15,0.13372981287379265,377753600.0
840,2026-02-12 23:27:59,106,,602.0,601.0,0.0,19.08,20.57,21.25,23.32,0.14168802967488908,377589760.0
900,2026-02-12 23:28:59,106,,575.0,575.0,0.0,19.05,20.59,21.58,24.13,0.1546962040485918,377663488.0
960,2026-02-12 23:29:59,106,,570.0,570.0,0.0,19.11,20.78,21.61,24.25,0.14859950892118012,378130432.0
1020,2026-02-12 23:30:59,106,,606.0,606.0,0.0,18.94,20.42,21.49,23.47,0.1552539803947599,378257408.0
1080,2026-02-12 23:31:59,106,,636.0,636.0,0.0,19.06,20.62,21.54,23.88,0.16220361335503458,378343424.0
1140,2026-02-12 23:32:59,106,,654.0,654.0,0.0,18.9,20.52,21.24,24.31,0.16875432611764007,378130432.0
1200,2026-02-12 23:33:59,106,,817.0,815.0,0.0,19.19,20.98,21.77,25.07,0.187185009961856,378429440.0
1260,2026-02-12 23:34:59,106,,806.0,806.0,0.0,18.99,20.68,21.32,23.77,0.2095552605880709,378208256.0
1320,2026-02-12 23:35:59,106,,930.0,929.0,0.0,19.21,20.98,22.07,23.94,0.22686732902654505,378249216.0
1380,2026-02-12 23:36:59,106,,958.0,958.0,0.0,19.39,21.23,22.17,24.25,0.2302152510708761,378400768.0
1440,2026-02-12 23:37:59,106,,962.0,962.0,0.0,19.19,20.7,21.54,24.3,0.25794169653882615,378056704.0
1500,2026-02-12 23:38:59,106,,979.0,979.0,0.0,19.27,20.85,21.72,24.38,0.26056629182621927,378732544.0
1560,2026-02-12 23:39:59,106,,960.0,960.0,0.0,19.19,20.73,21.76,24.64,0.26075045588830237,378449920.0
1620,2026-02-12 23:40:59,106,,859.0,860.0,0.0,19.25,20.92,21.73,23.98,0.25140340470226125,378531840.0
1680,2026-02-12 23:41:59,106,,663.0,664.0,0.0,19.23,21.1,22.01,24.81,0.21810384793282636,378482688.0
1740,2026-02-12 23:42:59,106,,609.0,610.0,0.0,19.25,20.9,21.71,22.89,0.1846383673759987,378638336.0
1800,2026-02-12 23:43:59,106,,524.0,525.0,0.0,19.06,20.91,21.63,22.97,0.15872008226880577,378261504.0
60,2026-02-12 23:47:10,110,,967.0,958.0,0.0,30.8,33.02,34.19,40.41,0.11149086387672968,380440576.0
120,2026-02-12 23:48:10,110,,970.0,970.0,0.0,30.77,32.92,34.12,39.02,0.3643652796701444,381022208.0
180,2026-02-12 23:49:10,110,,796.0,797.0,0.0,30.87,32.87,34.35,40.34,0.394074710996834,381091840.0
240,2026-02-12 23:50:10,110,,634.0,636.0,0.0,30.79,32.78,34.09,40.03,0.32655545032427713,381165568.0
300,2026-02-12 23:51:10,110,,520.0,521.0,0.0,30.83,33.23,34.03,39.05,0.24171075235995132,381255680.0
360,2026-02-12 23:52:10,110,,635.0,634.0,0.0,30.71,32.77,34.46,38.58,0.2571188173665184,381382656.0
420,2026-02-12 23:53:10,110,,640.0,640.0,0.0,30.73,32.89,33.92,37.77,0.29411805204803837,381214720.0
480,2026-02-12 23:54:10,110,,678.0,677.0,0.0,30.8,33.11,34.19,40.99,0.27319835073986937,381112320.0
540,2026-02-12 23:55:10,110,,487.0,489.0,0.0,30.64,32.89,33.74,38.13,0.289173169365648,381276160.0
600,2026-02-12 23:56:10,110,,482.0,482.0,0.0,30.55,32.62,33.82,37.08,0.20706439322406578,381530112.0
660,2026-02-12 23:57:10,110,,522.0,522.0,0.0,31.03,33.49,35.06,40.03,0.23002893350435807,381202432.0
720,2026-02-12 23:58:10,110,,489.0,489.0,0.0,30.68,32.91,33.74,40.81,0.23330164987718355,381341696.0
780,2026-02-12 23:59:10,110,,499.0,499.0,0.0,30.8,32.9,33.89,40.59,0.23203935340366172,382709760.0
840,2026-02-13 00:00:10,110,,602.0,601.0,0.0,30.62,32.47,33.5,42.07,0.23159457857953689,381386752.0
900,2026-02-13 00:01:10,110,,575.0,575.0,0.0,30.6,32.55,33.61,39.76,0.26648446598460007,381321216.0
960,2026-02-13 00:02:10,110,,570.0,570.0,0.0,30.61,32.68,33.69,38.03,0.25820019754745677,381538304.0
1020,2026-02-13 00:03:10,110,,606.0,606.0,0.0,30.74,32.67,33.59,39.25,0.2417164014105429,381243392.0
1080,2026-02-13 00:04:10,110,,636.0,636.0,0.0,30.73,32.77,33.83,41.8,0.2768539290498665,381702144.0
1140,2026-02-13 00:05:10,110,,654.0,654.0,0.0,30.69,32.84,34.28,39.44,0.2982885840668967,381894656.0
1200,2026-02-13 00:06:10,110,,817.0,815.0,0.0,30.74,32.81,34.02,39.7,0.311723836629051,381513728.0
1260,2026-02-13 00:07:10,110,,806.0,806.0,0.0,30.91,33.47,34.99,39.43,0.35559843672138214,381304832.0
1320,2026-02-13 00:08:10,110,,930.0,929.0,0.0,30.57,32.76,34.0,39.27,0.390588787789575,381214720.0
1380,2026-02-13 00:09:10,110,,958.0,958.0,0.0,30.75,33.2,34.85,41.0,0.4239144042913852,383639552.0
1440,2026-02-13 00:10:10,110,,962.0,962.0,0.0,30.76,33.03,34.52,38.64,0.445388612657849,384884736.0
1500,2026-02-13 00:11:10,110,,979.0,979.0,0.0,30.65,32.7,34.01,39.22,0.42087469542792366,384557056.0
1560,2026-02-13 00:12:10,110,,960.0,960.0,0.0,30.65,32.63,34.11,40.07,0.45232088777996454,384307200.0
1620,2026-02-13 00:13:10,110,,859.0,860.0,0.0,30.78,33.1,34.77,38.78,0.40900435062439044,384516096.0
1680,2026-02-13 00:14:10,110,,663.0,664.0,0.0,30.57,32.73,33.79,37.67,0.3905966478257292,384823296.0
1740,2026-02-13 00:15:10,110,,609.0,610.0,0.0,30.67,33.1,34.36,37.85,0.29908728192400785,386830336.0
1800,2026-02-13 00:16:10,110,,524.0,525.0,0.0,30.66,32.9,34.0,38.5,0.2702862054833305,384622592.0
60,2026-02-13 00:19:21,114,,967.0,958.0,0.0,33.67,35.94,37.4,44.91,0.09404399361392612,462999552.0
120,2026-02-13 00:20:21,114,,970.0,970.0,0.0,33.69,36.24,38.02,41.96,0.5020775635993832,466092032.0
180,2026-02-13 00:21:21,114,,796.0,797.0,0.0,33.65,35.87,37.54,41.97,0.48131595453242504,464662528.0
240,2026-02-13 00:22:21,114,,634.0,636.0,0.0,33.69,36.14,37.1,41.03,0.38956004170562974,464637952.0
300,2026-02-13 00:23:21,114,,520.0,521.0,0.0,33.76,35.97,36.96,42.34,0.28382542913782094,464879616.0
360,2026-02-13 00:24:21,114,,635.0,634.0,0.0,33.63,36.08,37.56,41.6,0.2906088775385191,465031168.0
420,2026-02-13 00:25:21,114,,640.0,640.0,0.0,33.69,35.78,37.42,42.8,0.3113291037235122,467197952.0
480,2026-02-13 00:26:21,114,,678.0,677.0,0.0,33.54,35.94,37.14,39.98,0.33946431902891894,466165760.0
540,2026-02-13 00:27:21,114,,487.0,489.0,0.0,35.45,40.47,42.24,46.19,0.324528530541708,464646144.0
600,2026-02-13 00:28:21,114,,482.0,482.0,0.0,34.04,36.91,38.77,43.51,0.2708170102883102,465137664.0
660,2026-02-13 00:29:21,114,,522.0,522.0,0.0,33.61,35.96,36.79,39.48,0.2595475770762373,464617472.0
720,2026-02-13 00:30:21,114,,489.0,489.0,0.0,33.55,35.79,37.36,42.36,0.2680559625107541,465018880.0
780,2026-02-13 00:31:21,114,,499.0,499.0,0.0,33.25,35.35,36.28,39.6,0.2556204413009549,464699392.0
840,2026-02-13 00:32:21,114,,602.0,601.0,0.0,33.36,35.41,36.87,40.5,0.2707813646792112,465252352.0
900,2026-02-13 00:33:21,114,,575.0,575.0,0.0,33.34,35.64,36.98,39.76,0.30755747273783335,464961536.0
960,2026-02-13 00:34:21,114,,570.0,570.0,0.0,33.58,35.92,37.42,44.94,0.2961340207507251,466100224.0
1020,2026-02-13 00:35:21,114,,606.0,606.0,0.0,33.45,35.91,37.56,41.23,0.30011667783051743,465276928.0
1080,2026-02-13 00:36:21,114,,636.0,636.0,0.0,33.71,36.32,37.29,41.37,0.3135947713959999,465137664.0
1140,2026-02-13 00:37:21,114,,654.0,654.0,0.0,33.85,36.54,38.25,44.54,0.3366283085271223,465313792.0
1200,2026-02-13 00:38:21,114,,817.0,815.0,0.0,33.5,35.92,37.1,41.09,0.36681179750232235,465489920.0
1260,2026-02-13 00:39:21,114,,806.0,806.0,0.0,33.58,35.74,37.35,42.86,0.39464384557712673,465567744.0
1320,2026-02-13 00:40:21,114,,930.0,929.0,0.0,33.45,35.52,36.59,43.95,0.43788217617945896,465793024.0
1380,2026-02-13 00:41:21,114,,958.0,958.0,0.0,33.66,36.42,38.07,43.01,0.48313272424023224,465678336.0
1440,2026-02-13 00:42:21,114,,962.0,962.0,0.0,33.71,36.37,37.75,44.12,0.4992248010168382,465711104.0
1500,2026-02-13 00:43:21,114,,979.0,979.0,0.0,33.71,36.31,38.21,43.41,0.5042799688351263,465645568.0
1560,2026-02-13 00:44:21,114,,960.0,960.0,0.0,33.57,36.32,37.92,42.93,0.5087223157583991,466501632.0
1620,2026-02-13 00:45:21,114,,859.0,860.0,0.0,33.44,35.85,37.61,40.8,0.48454044001229124,465494016.0
1680,2026-02-13 00:46:21,114,,663.0,664.0,0.0,33.52,35.97,37.56,41.77,0.4190126926210009,466317312.0
1740,2026-02-13 00:47:21,114,,609.0,610.0,0.0,33.68,36.34,37.88,42.97,0.33713941015590854,465788928.0
1800,2026-02-13 00:48:21,114,,524.0,525.0,0.0,33.52,35.53,36.5,39.95,0.30412147006407697,466198528.0
60,2026-02-13 00:51:33,133,,967.0,958.0,0.0,32.78,34.91,40.73,52.47,0.0746302177738361,462725120.0
120,2026-02-13 00:52:33,133,,970.0,970.0,0.0,32.09,34.44,37.33,50.73,0.4576073854962336,476987392.0
180,2026-02-13 00:53:33,133,,796.0,797.0,0.0,31.99,34.43,38.13,50.79,0.49158563719164894,477552640.0
240,2026-02-13 00:54:33,133,,634.0,636.0,0.0,32.14,34.57,39.31,51.17,0.396362586441606,477679616.0
300,2026-02-13 00:55:33,133,,520.0,521.0,0.0,32.22,34.37,36.82,50.29,0.3046588937652216,477777920.0
360,2026-02-13 00:56:33,133,,635.0,634.0,0.0,32.08,34.47,37.07,51.97,0.2824976716416937,485289984.0
420,2026-02-13 00:57:33,133,,640.0,640.0,0.0,32.29,35.26,38.89,50.94,0.3248549902236229,485953536.0
480,2026-02-13 00:58:33,133,,678.0,677.0,0.0,32.17,34.68,38.61,51.43,0.33988634721763594,486727680.0
540,2026-02-13 00:59:33,133,,487.0,489.0,0.0,31.83,33.86,36.91,51.46,0.349478239165381,486723584.0
600,2026-02-13 01:00:33,133,,482.0,482.0,0.0,32.02,34.41,36.18,52.39,0.25308996591440347,486875136.0
660,2026-02-13 01:01:33,133,,522.0,522.0,0.0,31.79,33.7,35.23,49.52,0.2544010595742895,487534592.0
720,2026-02-13 01:02:33,133,,489.0,489.0,0.0,31.8,33.7,36.33,51.76,0.251369526741456,487596032.0
780,2026-02-13 01:03:33,133,,499.0,499.0,0.0,31.87,33.68,37.31,52.03,0.24492802125737642,487960576.0
840,2026-02-13 01:04:33,133,,602.0,601.0,0.0,31.85,33.95,37.79,51.47,0.23173783042400437,487976960.0
900,2026-02-13 01:05:33,133,,575.0,575.0,0.0,31.89,34.24,37.13,50.78,0.30754742256532797,488468480.0
960,2026-02-13 01:06:33,133,,570.0,570.0,0.0,31.99,34.4,37.76,51.36,0.2752916497974913,490409984.0
1020,2026-02-13 01:07:33,133,,606.0,606.0,0.0,32.38,35.32,39.73,52.84,0.3046120286727752,490749952.0
1080,2026-02-13 01:08:33,133,,636.0,636.0,0.0,31.73,33.85,36.1,50.47,0.2842720804707705,490938368.0
1140,2026-02-13 01:09:33,133,,654.0,654.0,0.0,31.9,34.35,38.84,51.56,0.3310619599791799,491122688.0
1200,2026-02-13 01:10:33,133,,817.0,815.0,0.0,32.07,34.69,38.76,50.94,0.3494997831767192,491249664.0
1260,2026-02-13 01:11:33,133,,806.0,806.0,0.0,32.09,34.66,38.56,52.26,0.4274487247274037,491474944.0
1320,2026-02-13 01:12:33,133,,930.0,929.0,0.0,32.02,34.56,37.08,51.03,0.4386593337891259,491393024.0
1380,2026-02-13 01:13:33,133,,958.0,958.0,0.0,31.96,34.16,37.46,51.92,0.48838530534848046,491524096.0
1440,2026-02-13 01:14:33,133,,962.0,962.0,0.0,32.17,34.84,39.53,50.92,0.47945408695148795,491368448.0
1500,2026-02-13 01:15:33,133,,979.0,979.0,0.0,32.05,34.81,39.53,50.95,0.4721786724966935,491622400.0
1560,2026-02-13 01:16:33,133,,960.0,960.0,0.0,32.01,34.45,37.84,51.34,0.510882939535318,491606016.0
1620,2026-02-13 01:17:33,133,,859.0,860.0,0.0,32.24,34.81,41.09,50.76,0.49359901771485065,491626496.0
1680,2026-02-13 01:18:33,133,,663.0,664.0,0.0,32.17,34.4,38.62,52.12,0.42260082152583345,491302912.0
1740,2026-02-13 01:19:33,133,,609.0,610.0,0.0,32.13,34.89,40.56,51.47,0.32894522207880994,491581440.0
1800,2026-02-13 01:20:33,133,,524.0,525.0,0.0,32.24,34.86,38.77,51.5,0.3171302451148028,491687936.0
60,2026-02-13 01:23:44,140,,967.0,958.0,0.0,40.6,42.9,44.77,53.57,0.19932223426364148,458956800.0
120,2026-02-13 01:24:44,140,,970.0,970.0,0.0,40.25,43.31,45.43,50.99,0.5454656821770111,478994432.0
180,2026-02-13 01:25:44,140,,796.0,797.0,0.0,40.16,42.89,45.05,51.28,0.5535658632086802,479047680.0
240,2026-02-13 01:26:44,140,,634.0,636.0,0.0,40.01,42.24,43.42,48.72,0.44476501312169753,479748096.0
300,2026-02-13 01:27:44,140,,520.0,521.0,0.0,40.48,43.43,46.11,54.25,0.36590385024235184,479789056.0
360,2026-02-13 01:28:44,140,,635.0,634.0,0.0,40.21,42.77,44.82,50.96,0.31276982809571785,479694848.0
420,2026-02-13 01:29:44,140,,640.0,640.0,0.0,40.24,42.86,44.79,51.83,0.37781555344136575,479940608.0
480,2026-02-13 01:30:44,140,,678.0,677.0,0.0,40.31,43.07,45.04,52.51,0.39892964693098615,479883264.0
540,2026-02-13 01:31:44,140,,487.0,489.0,0.0,40.12,42.64,45.52,54.39,0.3566189852965392,482349056.0
600,2026-02-13 01:32:44,140,,482.0,482.0,0.0,40.01,42.7,44.14,48.56,0.2972477541759594,482254848.0
660,2026-02-13 01:33:44,140,,522.0,522.0,0.0,40.13,42.89,43.88,49.69,0.27786941271033394,482459648.0
720,2026-02-13 01:34:44,140,,489.0,489.0,0.0,40.36,43.15,45.34,53.77,0.30631890430903636,482873344.0
780,2026-02-13 01:35:44,140,,499.0,499.0,0.0,40.43,43.34,44.75,50.12,0.30020236160675584,482590720.0
840,2026-02-13 01:36:44,140,,602.0,601.0,0.0,40.26,43.22,44.81,51.69,0.31263780810869424,482983936.0
900,2026-02-13 01:37:44,140,,575.0,575.0,0.0,40.67,43.92,46.93,53.74,0.3570630983678755,482967552.0
960,2026-02-13 01:38:44,140,,570.0,570.0,0.0,40.18,42.84,44.98,50.58,0.350203075667129,482848768.0
1020,2026-02-13 01:39:44,140,,606.0,606.0,0.0,40.08,42.47,44.16,51.05,0.35235557480394997,483254272.0
1080,2026-02-13 01:40:44,140,,636.0,636.0,0.0,40.2,42.99,44.25,51.65,0.37223371958744883,483086336.0
1140,2026-02-13 01:41:44,140,,654.0,654.0,0.0,40.22,42.78,45.16,52.31,0.3903313834541865,482947072.0
1200,2026-02-13 01:42:44,140,,817.0,815.0,0.0,40.32,43.42,45.23,50.45,0.4431158709067863,483217408.0
1260,2026-02-13 01:43:44,140,,806.0,806.0,0.0,40.17,43.19,45.01,51.14,0.48856951331582055,483500032.0
1320,2026-02-13 01:44:44,140,,930.0,929.0,0.0,40.51,43.38,46.49,56.17,0.4617567938817584,483172352.0
1380,2026-02-13 01:45:44,140,,958.0,958.0,0.0,40.55,44.31,46.28,50.58,0.5713107587247316,483086336.0
1440,2026-02-13 01:46:44,140,,962.0,962.0,0.0,40.31,43.34,45.09,52.08,0.5857718933033481,483221504.0
1500,2026-02-13 01:47:44,140,,979.0,979.0,0.0,40.54,43.87,46.56,52.48,0.5907034377307661,483176448.0
1560,2026-02-13 01:48:44,140,,960.0,960.0,0.0,40.34,43.48,45.51,51.9,0.5910496068317785,483397632.0
1620,2026-02-13 01:49:44,140,,859.0,860.0,0.0,40.05,42.65,44.06,49.64,0.5562576687899701,483815424.0
1680,2026-02-13 01:50:44,140,,663.0,664.0,0.0,40.22,43.25,45.16,52.16,0.48624812110406285,483311616.0
1740,2026-02-13 01:51:44,140,,609.0,610.0,0.0,40.35,43.61,45.23,51.57,0.3979675358630752,483090432.0
1800,2026-02-13 01:52:44,140,,524.0,525.0,0.0,40.44,43.55,46.06,53.95,0.35132368998595537,482865152.0
60,2026-02-13 01:55:57,155,,967.0,958.0,0.0,58.09,48.37,62.7,498.78,0.24404459113338087,587960320.0
120,2026-02-13 01:56:57,155,,970.0,970.0,0.0,43.05,46.83,51.35,63.84,0.5888436181507699,588783616.0
180,2026-02-13 01:57:57,155,,796.0,797.0,0.0,43.07,46.95,52.86,64.1,0.6491588105000509,588595200.0
240,2026-02-13 01:58:57,155,,634.0,636.0,0.0,42.79,46.15,50.13,62.86,0.5533038624476143,588849152.0
300,2026-02-13 01:59:57,155,,520.0,521.0,0.0,42.88,45.68,49.39,63.32,0.44302431422784766,589316096.0
360,2026-02-13 02:00:57,155,,635.0,634.0,0.0,42.81,46.07,48.95,64.0,0.4103127060299052,589864960.0
420,2026-02-13 02:01:57,155,,640.0,640.0,0.0,43.75,48.84,57.39,65.16,0.44367595221095946,589987840.0
480,2026-02-13 02:02:57,155,,678.0,677.0,0.0,42.91,45.56,49.3,63.45,0.46980573127367653,589893632.0
540,2026-02-13 02:03:57,155,,487.0,489.0,0.0,42.96,45.09,49.13,62.98,0.43514108229538107,589963264.0
600,2026-02-13 02:04:57,155,,482.0,482.0,0.0,42.91,46.25,49.84,63.29,0.3674936633283219,590114816.0
660,2026-02-13 02:05:57,155,,522.0,522.0,0.0,43.12,46.23,50.58,62.43,0.3554373354892517,590618624.0
720,2026-02-13 02:06:57,155,,489.0,489.0,0.0,43.41,46.93,51.16,63.59,0.3617634034072962,590245888.0
780,2026-02-13 02:07:57,155,,499.0,499.0,0.0,43.07,46.02,52.57,63.16,0.35882780740057635,590274560.0
840,2026-02-13 02:08:57,155,,602.0,601.0,0.0,42.89,45.55,48.75,64.88,0.3832444155932243,590385152.0
900,2026-02-13 02:09:57,155,,575.0,575.0,0.0,43.2,46.25,51.49,64.15,0.41002040154391645,590258176.0
960,2026-02-13 02:10:57,155,,570.0,570.0,0.0,43.05,46.23,51.66,63.43,0.4145620153286646,590749696.0
1020,2026-02-13 02:11:57,155,,606.0,606.0,0.0,43.2,46.48,52.03,63.25,0.41770109451482756,590532608.0
1080,2026-02-13 02:12:57,155,,636.0,636.0,0.0,43.21,46.58,52.32,62.18,0.43818198089293625,591015936.0
1140,2026-02-13 02:13:57,155,,654.0,654.0,0.0,42.99,45.74,49.44,62.72,0.45768897668171726,591155200.0
1200,2026-02-13 02:14:57,155,,817.0,815.0,0.0,43.07,45.56,51.84,62.82,0.5067692448089633,591462400.0
1260,2026-02-13 02:15:57,155,,806.0,806.0,0.0,43.02,46.3,50.0,62.09,0.56471671615935,592089088.0
1320,2026-02-13 02:16:57,155,,930.0,929.0,0.0,43.41,47.74,52.85,63.79,0.6101022453456567,591355904.0
1380,2026-02-13 02:17:57,155,,958.0,958.0,0.0,43.19,46.86,51.66,62.32,0.6609657686879576,594063360.0
1440,2026-02-13 02:18:57,155,,962.0,962.0,0.0,43.23,46.42,52.92,62.46,0.6889788813057238,591360000.0
1500,2026-02-13 02:19:57,155,,979.0,979.0,0.0,43.3,47.2,52.63,64.74,0.6960220886512039,591167488.0
1560,2026-02-13 02:20:57,155,,960.0,960.0,0.0,43.41,46.78,51.51,67.81,0.6988389550821126,591605760.0
1620,2026-02-13 02:21:57,155,,859.0,860.0,0.0,43.49,46.98,51.98,62.84,0.6705163507732389,592068608.0
1680,2026-02-13 02:22:57,155,,663.0,664.0,0.0,42.9,46.4,49.57,62.13,0.5800794076449609,591491072.0
1740,2026-02-13 02:23:57,155,,609.0,610.0,0.0,43.05,46.28,50.32,61.97,0.48639235445474927,591749120.0
1800,2026-02-13 02:24:57,155,,524.0,525.0,0.0,43.31,46.41,52.9,63.82,0.4225502224695079,591400960.0
60,2026-02-13 02:28:10,164,,967.0,958.0,0.0,44.46,47.69,61.54,70.67,0.20031565037352755,508649472.0
120,2026-02-13 02:29:10,164,,970.0,970.0,0.0,43.51,47.4,60.05,64.52,0.4965717338589648,509751296.0
180,2026-02-13 02:30:10,164,,796.0,797.0,0.0,43.73,47.87,59.55,65.65,0.5982243975895992,509018112.0
240,2026-02-13 02:31:10,164,,634.0,636.0,0.0,43.58,47.38,60.25,64.06,0.47251515349127193,509624320.0
300,2026-02-13 02:32:10,164,,520.0,521.0,0.0,43.45,46.63,60.05,63.22,0.41394745489797746,509042688.0
360,2026-02-13 02:33:10,164,,635.0,634.0,0.0,43.51,47.77,59.62,63.54,0.3592441622686477,508936192.0
420,2026-02-13 02:34:10,164,,640.0,640.0,0.0,43.83,47.72,60.13,65.7,0.41546319562537914,509235200.0
480,2026-02-13 02:35:10,164,,678.0,677.0,0.0,43.67,47.29,59.88,64.69,0.4273828822576591,509562880.0
540,2026-02-13 02:36:10,164,,487.0,489.0,0.0,43.76,49.3,60.19,62.2,0.3914672987797475,509476864.0
600,2026-02-13 02:37:10,164,,482.0,482.0,0.0,43.99,49.41,60.34,65.68,0.3308143781655896,509767680.0
660,2026-02-13 02:38:10,164,,522.0,522.0,0.0,43.48,47.73,59.89,65.56,0.33250114243660966,509235200.0
720,2026-02-13 02:39:10,164,,489.0,489.0,0.0,43.5,47.22,60.55,63.76,0.33867437369493114,509341696.0
780,2026-02-13 02:40:10,164,,499.0,499.0,0.0,43.71,46.91,60.53,64.65,0.3091101030714163,509222912.0
840,2026-02-13 02:41:10,164,,602.0,601.0,0.0,43.9,47.15,60.08,65.16,0.34873271442700615,509296640.0
900,2026-02-13 02:42:10,164,,575.0,575.0,0.0,43.64,47.05,60.19,65.38,0.3355675187536238,510001152.0
960,2026-02-13 02:43:10,164,,570.0,570.0,0.0,43.59,47.34,59.35,64.95,0.3637734533599918,509362176.0
1020,2026-02-13 02:44:10,164,,606.0,606.0,0.0,43.39,47.19,59.77,63.66,0.3799730525806503,509452288.0
1080,2026-02-13 02:45:10,164,,636.0,636.0,0.0,43.73,48.49,59.31,65.35,0.41390959089565904,510144512.0
1140,2026-02-13 02:46:10,164,,654.0,654.0,0.0,43.74,47.94,60.16,64.95,0.42970748751913046,509231104.0
1200,2026-02-13 02:47:10,164,,817.0,815.0,0.0,43.89,48.17,60.35,65.23,0.4393375430868427,509612032.0
1260,2026-02-13 02:48:10,164,,806.0,806.0,0.0,44.03,48.78,60.45,65.94,0.49220888292607606,509349888.0
1320,2026-02-13 02:49:10,164,,930.0,929.0,0.0,43.75,48.33,59.42,63.87,0.5649559327893023,509726720.0
1380,2026-02-13 02:50:10,164,,958.0,958.0,0.0,43.96,47.93,60.19,64.8,0.6244199054278974,510144512.0
1440,2026-02-13 02:51:10,164,,962.0,962.0,0.0,43.84,48.82,60.34,63.7,0.6355623658282294,510234624.0
1500,2026-02-13 02:52:10,164,,979.0,979.0,0.0,43.72,47.38,60.01,65.35,0.6028192387074017,509607936.0
1560,2026-02-13 02:53:10,164,,960.0,960.0,0.0,43.69,48.21,59.66,65.46,0.654008529050341,510320640.0
1620,2026-02-13 02:54:10,164,,859.0,860.0,0.0,43.76,47.78,59.83,64.22,0.6170645580199106,509861888.0
1680,2026-02-13 02:55:10,164,,663.0,664.0,0.0,43.97,48.93,59.86,64.17,0.4800096522196098,516595712.0
1740,2026-02-13 02:56:10,164,,609.0,610.0,0.0,43.55,47.16,60.42,67.29,0.4003005193721997,516292608.0
1800,2026-02-13 02:57:10,164,,524.0,525.0,0.0,43.68,48.37,59.87,63.39,0.3629415123821948,517025792.0
60,2026-02-13 03:00:23,167,,967.0,958.0,0.0,42.07,46.59,58.11,64.64,0.1278171029092676,601874432.0
120,2026-02-13 03:01:23,167,,970.0,970.0,0.0,41.91,45.59,58.55,64.15,0.642390979194527,603172864.0
180,2026-02-13 03:02:23,167,,796.0,797.0,0.0,42.17,46.94,58.12,62.59,0.6184547325863876,603627520.0
240,2026-02-13 03:03:23,167,,634.0,636.0,0.0,42.07,45.93,58.33,63.28,0.521112153549241,603795456.0
300,2026-02-13 03:04:23,167,,520.0,521.0,0.0,42.18,46.34,58.91,65.3,0.41713078213913746,604123136.0
360,2026-02-13 03:05:23,167,,635.0,634.0,0.0,42.13,46.75,58.64,62.25,0.34216420845549184,603987968.0
420,2026-02-13 03:06:23,167,,640.0,640.0,0.0,42.16,45.53,58.73,64.2,0.4387430685651381,603983872.0
480,2026-02-13 03:07:23,167,,678.0,677.0,0.0,42.3,47.84,58.76,64.09,0.4477290177744191,604139520.0
540,2026-02-13 03:08:23,167,,487.0,489.0,0.0,42.18,46.05,58.67,63.01,0.4428631324191522,603959296.0
600,2026-02-13 03:09:23,167,,482.0,482.0,0.0,42.11,46.19,58.76,62.37,0.3362027820723652,604520448.0
660,2026-02-13 03:10:23,167,,522.0,522.0,0.0,42.39,46.19,58.68,63.54,0.3400825347899702,604696576.0
720,2026-02-13 03:11:23,167,,489.0,489.0,0.0,42.09,45.23,59.5,63.32,0.3577019028076235,604418048.0
780,2026-02-13 03:12:23,167,,499.0,499.0,0.0,42.05,44.93,58.99,64.4,0.3393174043315684,604921856.0
840,2026-02-13 03:13:23,167,,602.0,601.0,0.0,41.95,46.04,59.13,64.82,0.3592993323232354,604254208.0
900,2026-02-13 03:14:23,167,,575.0,575.0,0.0,42.08,45.24,58.93,63.5,0.4088191701437627,604606464.0
960,2026-02-13 03:15:23,167,,570.0,570.0,0.0,42.11,45.59,58.36,62.45,0.3823053714646877,604909568.0
1020,2026-02-13 03:16:23,167,,606.0,606.0,0.0,41.78,44.98,58.91,63.02,0.375978388398784,604536832.0
1080,2026-02-13 03:17:23,167,,636.0,636.0,0.0,42.02,45.67,58.48,64.67,0.4221100780872564,605274112.0
1140,2026-02-13 03:18:23,167,,654.0,654.0,0.0,42.11,45.93,59.65,63.56,0.4213097243576193,604893184.0
1200,2026-02-13 03:19:23,167,,817.0,815.0,0.0,42.18,46.8,59.22,64.69,0.4630446001564897,605089792.0
1260,2026-02-13 03:20:23,167,,806.0,806.0,0.0,42.12,46.59,58.43,64.34,0.5008983306291439,605306880.0
1320,2026-02-13 03:21:23,167,,930.0,929.0,0.0,42.19,47.02,58.51,64.02,0.5407874746489865,605798400.0
1380,2026-02-13 03:22:23,167,,958.0,958.0,0.0,42.31,46.95,58.81,63.81,0.6477029927667562,605786112.0
1440,2026-02-13 03:23:23,167,,962.0,962.0,0.0,42.01,45.45,58.98,64.85,0.6646955445370297,605827072.0
1500,2026-02-13 03:24:23,167,,979.0,979.0,0.0,42.19,46.82,58.93,64.29,0.6657501515318441,605880320.0
1560,2026-02-13 03:25:23,167,,960.0,960.0,0.0,42.48,47.03,59.3,64.84,0.6516097460281023,605229056.0
1620,2026-02-13 03:26:23,167,,859.0,860.0,0.0,42.23,46.94,59.2,63.34,0.6156502662359534,605396992.0
1680,2026-02-13 03:27:23,167,,663.0,664.0,0.0,42.27,47.24,58.48,64.46,0.5570506781979712,605945856.0
1740,2026-02-13 03:28:23,167,,609.0,610.0,0.0,41.68,44.54,58.78,62.19,0.42340346728173556,605667328.0
1800,2026-02-13 03:29:23,167,,524.0,525.0,0.0,42.12,47.54,59.02,62.88,0.4073275237683701,605843456.0
60,2026-02-13 03:32:36,172,,967.0,958.0,0.0,60.82,65.61,78.76,93.71,0.2668459786743688,680509440.0
120,2026-02-13 03:33:36,172,,970.0,970.0,0.0,60.74,67.75,78.62,87.32,0.8971298755358054,683229184.0
180,2026-02-13 03:34:36,172,,796.0,797.0,0.0,60.58,66.46,76.28,84.46,0.8543396828880477,681025536.0
240,2026-02-13 03:35:36,172,,634.0,636.0,0.0,60.63,67.19,76.46,83.77,0.7521358556291322,681148416.0
300,2026-02-13 03:36:36,172,,520.0,521.0,0.0,61.0,66.75,76.82,81.99,0.6038722812555108,681037824.0
360,2026-02-13 03:37:36,172,,635.0,634.0,0.0,61.43,68.21,77.73,84.53,0.5246137930873165,681496576.0
420,2026-02-13 03:38:36,172,,640.0,640.0,0.0,60.48,65.75,76.52,82.46,0.6133396901638815,681652224.0
480,2026-02-13 03:39:36,172,,678.0,677.0,0.0,60.63,66.18,76.24,83.29,0.5472697990971682,681721856.0
540,2026-02-13 03:40:36,172,,487.0,489.0,0.0,60.61,66.89,77.25,80.85,0.5999355801568962,682369024.0
600,2026-02-13 03:41:36,172,,482.0,482.0,0.0,60.93,70.03,76.59,82.09,0.4731761313638091,684560384.0
660,2026-02-13 03:42:36,172,,522.0,522.0,0.0,60.47,65.49,76.81,80.35,0.4830160826774535,685006848.0
720,2026-02-13 03:43:36,172,,489.0,489.0,0.0,60.54,65.19,76.93,82.31,0.4950989684164559,684527616.0
780,2026-02-13 03:44:36,172,,499.0,499.0,0.0,60.57,66.08,76.28,81.6,0.439073419841688,685371392.0
840,2026-02-13 03:45:36,172,,602.0,601.0,0.0,61.04,65.04,77.35,84.79,0.4914364579497879,685780992.0
900,2026-02-13 03:46:36,172,,575.0,575.0,0.0,60.77,67.05,76.51,83.06,0.5493352029155172,685506560.0
960,2026-02-13 03:47:36,172,,570.0,570.0,0.0,61.06,68.42,77.1,84.45,0.5290367082804832,686174208.0
1020,2026-02-13 03:48:36,172,,606.0,606.0,0.0,61.05,66.43,76.92,85.74,0.49070592908020516,686129152.0
1080,2026-02-13 03:49:36,172,,636.0,636.0,0.0,60.95,66.59,76.97,81.98,0.5967015332043766,686018560.0
1140,2026-02-13 03:50:36,172,,654.0,654.0,0.0,60.87,66.43,77.48,82.52,0.6055916639149611,687091712.0
1200,2026-02-13 03:51:36,172,,817.0,815.0,0.0,60.83,67.12,77.31,84.88,0.6152691193424316,686071808.0
1260,2026-02-13 03:52:36,172,,806.0,806.0,0.0,60.67,66.22,76.89,86.34,0.7423109410703983,686428160.0
1320,2026-02-13 03:53:36,172,,930.0,929.0,0.0,60.18,64.85,78.38,85.66,0.6766010961919915,686399488.0
1380,2026-02-13 03:54:36,172,,958.0,958.0,0.0,60.72,67.08,78.99,86.88,0.8592416228235279,686718976.0
1440,2026-02-13 03:55:36,172,,962.0,962.0,0.0,60.6,67.06,78.4,84.83,0.9349502322844276,687161344.0
1500,2026-02-13 03:56:36,172,,979.0,979.0,0.0,60.87,68.51,81.22,87.85,0.92673073927682,687255552.0
1560,2026-02-13 03:57:36,172,,960.0,960.0,0.0,61.12,69.74,79.2,90.86,0.9020255649035686,687112192.0
1620,2026-02-13 03:58:36,172,,859.0,860.0,0.0,60.46,67.19,77.77,85.49,0.9231131607664902,687169536.0
1680,2026-02-13 03:59:36,172,,663.0,664.0,0.0,60.58,67.44,76.88,82.93,0.7726371501301621,686579712.0
1740,2026-02-13 04:00:36,172,,609.0,610.0,0.0,60.61,67.57,77.34,82.98,0.6269431561858965,687280128.0
1800,2026-02-13 04:01:36,172,,524.0,525.0,0.0,60.86,66.93,77.16,84.35,0.5808354341086504,690507776.0
60,2026-02-13 04:04:51,181,,967.0,958.0,0.0,50.45,53.58,60.06,72.86,0.3026057834417169,610594816.0
120,2026-02-13 04:05:51,181,,970.0,970.0,0.0,49.81,53.46,58.87,71.87,0.6796431163989538,613752832.0
180,2026-02-13 04:06:51,181,,796.0,797.0,0.0,50.36,56.5,62.74,70.51,0.7255566304440216,615669760.0
240,2026-02-13 04:07:51,181,,634.0,636.0,0.0,49.85,54.0,59.79,68.72,0.6176346438587303,616226816.0
300,2026-02-13 04:08:51,181,,520.0,521.0,0.0,49.74,53.9,60.1,68.94,0.49149712399778245,616873984.0
360,2026-02-13 04:09:51,181,,635.0,634.0,0.0,49.71,53.38,58.05,69.56,0.46311115329627356,617066496.0
420,2026-02-13 04:10:51,181,,640.0,640.0,0.0,49.67,53.29,58.84,69.63,0.5011771077963759,617406464.0
480,2026-02-13 04:11:51,181,,678.0,677.0,0.0,49.81,53.47,59.56,71.84,0.5240690575652118,618573824.0
540,2026-02-13 04:12:51,181,,487.0,489.0,0.0,49.49,52.77,55.81,69.26,0.47754347426167043,618393600.0
600,2026-02-13 04:13:51,181,,482.0,482.0,0.0,49.62,53.16,56.77,67.78,0.4071414229791953,618106880.0
660,2026-02-13 04:14:51,181,,522.0,522.0,0.0,49.82,53.83,59.53,70.0,0.39931540832957724,618590208.0
720,2026-02-13 04:15:51,181,,489.0,489.0,0.0,49.9,54.22,64.11,69.44,0.4045167293080959,618246144.0
780,2026-02-13 04:16:51,181,,499.0,499.0,0.0,49.79,54.57,59.15,70.17,0.3982261468149883,618754048.0
840,2026-02-13 04:17:51,181,,602.0,601.0,0.0,50.03,55.02,60.39,70.53,0.4312911229889532,623910912.0
900,2026-02-13 04:18:51,181,,575.0,575.0,0.0,49.64,52.93,57.43,69.57,0.465662387515793,624218112.0
960,2026-02-13 04:19:51,181,,570.0,570.0,0.0,49.49,52.9,57.36,69.77,0.4617837282756949,624001024.0
1020,2026-02-13 04:20:51,181,,606.0,606.0,0.0,49.78,53.84,58.3,69.22,0.46860790544766256,624087040.0
1080,2026-02-13 04:21:51,181,,636.0,636.0,0.0,49.82,53.86,61.97,71.48,0.49181959469310754,624861184.0
1140,2026-02-13 04:22:51,181,,654.0,654.0,0.0,49.71,54.22,58.51,69.84,0.5142191938540932,624185344.0
1200,2026-02-13 04:23:51,181,,817.0,815.0,0.0,49.77,54.01,57.87,69.64,0.5724331079890094,624386048.0
1260,2026-02-13 04:24:51,181,,806.0,806.0,0.0,49.89,54.62,58.41,71.44,0.6371149987716644,624025600.0
1320,2026-02-13 04:25:51,181,,930.0,929.0,0.0,49.9,54.03,60.64,73.28,0.6885681513359675,624537600.0
1380,2026-02-13 04:26:51,181,,958.0,958.0,0.0,49.86,53.66,59.62,71.93,0.743915332604041,624242688.0
1440,2026-02-13 04:27:51,181,,962.0,962.0,0.0,50.42,56.13,63.4,74.48,0.7728129254749991,624451584.0
1500,2026-02-13 04:28:51,181,,979.0,979.0,0.0,49.75,54.42,59.37,70.76,0.7811254904669309,624930816.0
1560,2026-02-13 04:29:51,181,,960.0,960.0,0.0,50.0,54.62,60.67,72.06,0.7806538151807573,624963584.0
1620,2026-02-13 04:30:51,181,,859.0,860.0,0.0,49.58,52.62,58.03,69.62,0.7450899061121159,624529408.0
1680,2026-02-13 04:31:51,181,,663.0,664.0,0.0,49.68,53.89,60.07,70.09,0.6418493255417206,624279552.0
1740,2026-02-13 04:32:51,181,,609.0,610.0,0.0,49.86,54.32,59.19,71.1,0.535123270952272,624381952.0
1800,2026-02-13 04:33:51,181,,524.0,525.0,0.0,49.83,53.63,58.27,70.13,0.46867913876985123,624340992.0
60,2026-02-13 04:37:03,184,,967.0,958.0,0.0,57.72,62.76,73.6,86.8,0.2784618385006111,686014464.0
120,2026-02-13 04:38:03,184,,970.0,970.0,0.0,57.29,62.87,72.25,82.44,0.7371786949060797,686284800.0
180,2026-02-13 04:39:03,184,,796.0,797.0,0.0,57.18,61.53,67.83,77.84,0.8065897512075163,686186496.0
240,2026-02-13 04:40:03,184,,634.0,636.0,0.0,57.16,61.18,66.44,78.08,0.7007418020994842,686587904.0
300,2026-02-13 04:41:03,184,,520.0,521.0,0.0,57.21,62.55,68.13,75.95,0.5648253950151079,686100480.0
360,2026-02-13 04:42:03,184,,635.0,634.0,0.0,57.17,61.76,67.95,76.45,0.5096445172597651,686419968.0
420,2026-02-13 04:43:03,184,,640.0,640.0,0.0,57.25,61.47,66.9,80.44,0.5457424047699923,687005696.0
480,2026-02-13 04:44:03,184,,678.0,677.0,0.0,57.06,61.13,66.62,77.06,0.5541211695010255,687087616.0
540,2026-02-13 04:45:03,184,,487.0,489.0,0.0,57.31,62.44,67.4,76.61,0.5316214841481668,687325184.0
600,2026-02-13 04:46:03,184,,482.0,482.0,0.0,57.39,62.64,67.43,77.55,0.4732143956873887,687329280.0
660,2026-02-13 04:47:03,184,,522.0,522.0,0.0,57.52,62.22,67.96,78.92,0.4223768256140335,687685632.0
720,2026-02-13 04:48:03,184,,489.0,489.0,0.0,57.28,61.99,67.96,77.67,0.39805233861679545,687083520.0
780,2026-02-13 04:49:03,184,,499.0,499.0,0.0,57.12,61.82,66.96,77.74,0.4169967433885483,687206400.0
840,2026-02-13 04:50:03,184,,602.0,601.0,0.0,57.51,62.56,68.11,77.68,0.47983268574997223,687493120.0
900,2026-02-13 04:51:03,184,,575.0,575.0,0.0,57.33,61.78,65.71,77.87,0.4871048669550883,687288320.0
960,2026-02-13 04:52:03,184,,570.0,570.0,0.0,57.52,61.5,67.82,78.18,0.5195507749321557,687751168.0
1020,2026-02-13 04:53:03,184,,606.0,606.0,0.0,58.03,63.72,69.76,79.44,0.4842283262351347,687104000.0
1080,2026-02-13 04:54:03,184,,636.0,636.0,0.0,57.42,61.65,67.51,79.42,0.5365766036181603,687435776.0
1140,2026-02-13 04:55:03,184,,654.0,654.0,0.0,57.49,62.56,70.16,80.27,0.5472172041693582,687288320.0
1200,2026-02-13 04:56:03,184,,817.0,815.0,0.0,57.36,61.41,67.52,77.1,0.6071030426807733,687808512.0
1260,2026-02-13 04:57:03,184,,806.0,806.0,0.0,57.61,63.46,68.67,79.37,0.704705596896672,688152576.0
1320,2026-02-13 04:58:03,184,,930.0,929.0,0.0,57.33,62.42,70.38,78.78,0.7608484772805001,688050176.0
1380,2026-02-13 04:59:03,184,,958.0,958.0,0.0,57.26,62.41,72.12,81.69,0.8208501250714265,687927296.0
1440,2026-02-13 05:00:03,184,,962.0,962.0,0.0,57.48,63.15,69.81,84.49,0.8585813778768048,688349184.0
1500,2026-02-13 05:01:03,184,,979.0,979.0,0.0,57.29,62.54,72.75,81.17,0.8751859673755852,688525312.0
1560,2026-02-13 05:02:03,184,,960.0,960.0,0.0,57.09,62.15,71.38,81.34,0.861097865104369,688320512.0
1620,2026-02-13 05:03:03,184,,859.0,860.0,0.0,57.05,61.45,67.17,78.76,0.8360499091703494,688500736.0
1680,2026-02-13 05:04:03,184,,663.0,664.0,0.0,57.47,62.68,69.33,79.02,0.7317162428893562,688889856.0
1740,2026-02-13 05:05:03,184,,609.0,610.0,0.0,57.22,61.59,69.94,77.39,0.611590264452824,688107520.0
1800,2026-02-13 05:06:03,184,,524.0,525.0,0.0,57.15,61.43,65.47,78.9,0.5332184973494951,688664576.0
60,2026-02-13 05:09:18,188,,967.0,958.0,0.0,40.87,43.44,45.42,55.39,0.19508935827506663,481513472.0
120,2026-02-13 05:10:18,188,,970.0,970.0,0.0,40.2,42.8,44.55,50.95,0.5313548321831517,482254848.0
180,2026-02-13 05:11:18,188,,796.0,797.0,0.0,40.34,43.29,44.82,51.74,0.5578733069964332,482320384.0
240,2026-02-13 05:12:18,188,,634.0,636.0,0.0,40.25,42.74,45.4,56.1,0.39570712096551697,482930688.0
300,2026-02-13 05:13:18,188,,520.0,521.0,0.0,40.39,42.77,44.28,49.88,0.3652108930981369,482889728.0
360,2026-02-13 05:14:18,188,,635.0,634.0,0.0,40.16,42.82,44.31,48.36,0.3391212289831405,482660352.0
420,2026-02-13 05:15:18,188,,640.0,640.0,0.0,40.44,43.49,44.7,52.92,0.3869127227356819,483155968.0
480,2026-02-13 05:16:18,188,,678.0,677.0,0.0,40.2,42.82,44.2,54.11,0.3987281455337976,482885632.0
540,2026-02-13 05:17:18,188,,487.0,489.0,0.0,40.08,42.49,44.85,49.27,0.34206795899531783,482926592.0
600,2026-02-13 05:18:18,188,,482.0,482.0,0.0,40.1,42.78,44.36,50.97,0.29412242350266543,483016704.0
660,2026-02-13 05:19:18,188,,522.0,522.0,0.0,40.46,43.05,45.24,55.07,0.2813846583721639,484315136.0
720,2026-02-13 05:20:18,188,,489.0,489.0,0.0,39.99,42.77,44.3,52.28,0.3117443381220761,485064704.0
780,2026-02-13 05:21:18,188,,499.0,499.0,0.0,39.92,42.29,43.43,47.94,0.2966506883944744,485306368.0
840,2026-02-13 05:22:18,188,,602.0,601.0,0.0,40.36,43.16,45.19,51.64,0.32535715801050163,484945920.0
900,2026-02-13 05:23:18,188,,575.0,575.0,0.0,40.53,43.7,46.13,52.83,0.35729338455524784,485433344.0
960,2026-02-13 05:24:18,188,,570.0,570.0,0.0,40.4,43.06,44.48,53.31,0.32369878549228204,486297600.0
1020,2026-02-13 05:25:18,188,,606.0,606.0,0.0,40.33,43.57,45.14,51.87,0.3537015935324239,486047744.0
1080,2026-02-13 05:26:18,188,,636.0,636.0,0.0,40.25,42.96,44.45,48.97,0.35850103952863854,486244352.0
1140,2026-02-13 05:27:18,188,,654.0,654.0,0.0,40.71,43.89,45.8,54.65,0.38658517074455573,486903808.0
1200,2026-02-13 05:28:18,188,,817.0,815.0,0.0,40.39,43.06,45.24,52.56,0.43706946237060035,486567936.0
1260,2026-02-13 05:29:18,188,,806.0,806.0,0.0,40.42,43.24,46.03,53.17,0.4683237196601673,486514688.0
1320,2026-02-13 05:30:18,188,,930.0,929.0,0.0,40.52,43.56,45.72,55.5,0.5180436311948987,486350848.0
1380,2026-02-13 05:31:18,188,,958.0,958.0,0.0,40.43,43.56,45.34,51.12,0.5760049114149187,486633472.0
1440,2026-02-13 05:32:18,188,,962.0,962.0,0.0,40.4,43.27,46.08,54.58,0.5883001231699689,486219776.0
1500,2026-02-13 05:33:18,188,,979.0,979.0,0.0,40.14,42.66,44.58,52.65,0.5915468125050828,486477824.0
1560,2026-02-13 05:34:18,188,,960.0,960.0,0.0,40.49,43.69,45.78,51.46,0.5889450445364779,486776832.0
1620,2026-02-13 05:35:18,188,,859.0,860.0,0.0,40.32,43.18,45.1,52.88,0.5717010094855433,486481920.0
1680,2026-02-13 05:36:18,188,,663.0,664.0,0.0,40.48,43.46,45.59,52.08,0.4891213741185301,486731776.0
1740,2026-02-13 05:37:18,188,,609.0,610.0,0.0,40.95,44.85,46.89,54.44,0.395852129924174,487116800.0
1800,2026-02-13 05:38:18,188,,524.0,525.0,0.0,40.65,43.82,46.06,54.73,0.3625151380601566,486363136.0
60,2026-02-13 05:41:31,195,,967.0,958.0,0.0,53.11,57.13,63.39,75.32,0.12354943109268827,658857984.0
120,2026-02-13 05:42:31,195,,970.0,970.0,0.0,52.37,56.38,62.98,73.6,0.799474824624748,670035968.0
180,2026-02-13 05:43:31,195,,796.0,797.0,0.0,52.36,56.99,61.18,71.2,0.7523365867186367,671133696.0
240,2026-02-13 05:44:31,195,,634.0,636.0,0.0,52.63,56.59,64.19,71.75,0.6743594544946343,671887360.0
300,2026-02-13 05:45:31,195,,520.0,521.0,0.0,52.17,55.26,58.76,71.08,0.4823006725197095,672133120.0
360,2026-02-13 05:46:31,195,,635.0,634.0,0.0,52.3,55.85,59.71,72.17,0.45668182544933583,672088064.0
420,2026-02-13 05:47:31,195,,640.0,640.0,0.0,52.57,56.8,63.91,73.15,0.510626303511116,672415744.0
480,2026-02-13 05:48:31,195,,678.0,677.0,0.0,52.58,56.91,63.67,72.92,0.5215994293343232,672821248.0
540,2026-02-13 05:49:31,195,,487.0,489.0,0.0,52.75,57.39,63.28,72.0,0.5465801419051235,672927744.0
600,2026-02-13 05:50:31,195,,482.0,482.0,0.0,52.7,56.88,62.72,70.89,0.4191119539334619,672600064.0
660,2026-02-13 05:51:31,195,,522.0,522.0,0.0,52.35,56.32,60.84,71.85,0.4142341759372372,675586048.0
720,2026-02-13 05:52:31,195,,489.0,489.0,0.0,52.92,57.7,64.19,72.79,0.44433612873119216,675807232.0
780,2026-02-13 05:53:31,195,,499.0,499.0,0.0,52.86,57.56,63.53,71.29,0.4265290333873483,675913728.0
840,2026-02-13 05:54:31,195,,602.0,601.0,0.0,52.72,58.03,62.68,74.06,0.4425022561931259,676036608.0
900,2026-02-13 05:55:31,195,,575.0,575.0,0.0,52.62,56.94,64.76,74.37,0.5121347551815358,676175872.0
960,2026-02-13 05:56:31,195,,570.0,570.0,0.0,52.38,56.85,62.86,71.47,0.4672012238642438,675962880.0
1020,2026-02-13 05:57:31,195,,606.0,606.0,0.0,52.67,57.58,63.29,73.07,0.4985900687799144,676429824.0
1080,2026-02-13 05:58:31,195,,636.0,636.0,0.0,52.39,56.2,61.19,73.44,0.4406110971351954,676847616.0
1140,2026-02-13 05:59:31,195,,654.0,654.0,0.0,52.54,57.47,64.54,72.23,0.5471718617574556,676376576.0
1200,2026-02-13 06:00:31,195,,817.0,815.0,0.0,52.89,57.8,62.66,72.09,0.5665627813068969,676605952.0
1260,2026-02-13 06:01:31,195,,806.0,806.0,0.0,52.71,57.32,64.89,72.02,0.6972792025949583,676339712.0
1320,2026-02-13 06:02:31,195,,930.0,929.0,0.0,52.79,57.48,62.66,75.82,0.7036414943686554,676929536.0
1380,2026-02-13 06:03:31,195,,958.0,958.0,0.0,52.86,57.77,63.41,78.36,0.7626388932509208,677027840.0
1440,2026-02-13 06:04:31,195,,962.0,962.0,0.0,52.78,57.23,63.78,76.14,0.7751140680195703,677011456.0
1500,2026-02-13 06:05:31,195,,979.0,979.0,0.0,52.65,57.01,65.59,77.79,0.8332310983930105,676986880.0
1560,2026-02-13 06:06:31,195,,960.0,960.0,0.0,52.64,57.33,62.94,74.9,0.8333108331952024,677109760.0
1620,2026-02-13 06:07:31,195,,859.0,860.0,0.0,53.07,58.75,63.29,78.96,0.7765386075455871,677470208.0
1680,2026-02-13 06:08:31,195,,663.0,664.0,0.0,52.79,57.3,60.93,71.06,0.6735149461229278,676749312.0
1740,2026-02-13 06:09:31,195,,609.0,610.0,0.0,52.47,56.24,62.91,72.32,0.5590682976124524,676753408.0
1800,2026-02-13 06:10:31,195,,524.0,525.0,0.0,52.75,57.64,64.45,72.79,0.49357689910862423,676384768.0
60,2026-02-13 06:13:46,204,,967.0,958.0,0.0,60.59,64.3,67.42,79.95,0.3727604379931129,649969664.0
120,2026-02-13 06:14:46,204,,970.0,970.0,0.0,60.87,65.26,70.14,82.22,0.8132702843921646,650772480.0
180,2026-02-13 06:15:46,204,,796.0,797.0,0.0,60.77,65.07,68.59,79.4,0.8494770979576504,650391552.0
240,2026-02-13 06:16:46,204,,634.0,636.0,0.0,60.62,64.71,67.79,76.15,0.6978914874281681,650326016.0
300,2026-02-13 06:17:46,204,,520.0,521.0,0.0,65.98,74.25,78.46,88.64,0.5833754029379983,650776576.0
360,2026-02-13 06:18:46,204,,635.0,634.0,0.0,60.94,64.72,67.34,77.7,0.5711970976973895,650563584.0
420,2026-02-13 06:19:46,204,,640.0,640.0,0.0,60.63,64.68,67.52,76.61,0.5987814216482228,651063296.0
480,2026-02-13 06:20:46,204,,678.0,677.0,0.0,60.7,65.29,68.2,76.2,0.6199803695592166,651169792.0
540,2026-02-13 06:21:46,204,,487.0,489.0,0.0,60.56,64.27,67.43,76.3,0.5614325698575888,651452416.0
600,2026-02-13 06:22:46,204,,482.0,482.0,0.0,60.58,64.59,67.14,75.34,0.46952189170616343,650891264.0
660,2026-02-13 06:23:46,204,,522.0,522.0,0.0,60.36,63.98,66.27,73.75,0.4711404381697654,651493376.0
720,2026-02-13 06:24:46,204,,489.0,489.0,0.0,60.32,63.86,67.68,73.6,0.47510677067588647,651231232.0
780,2026-02-13 06:25:46,204,,499.0,499.0,0.0,60.62,64.51,68.2,75.99,0.46520240429575505,651444224.0
840,2026-02-13 06:26:46,204,,602.0,601.0,0.0,60.66,64.71,67.88,76.63,0.5107937501241354,651763712.0
900,2026-02-13 06:27:46,204,,575.0,575.0,0.0,60.98,65.6,68.64,76.89,0.5529436816929866,651800576.0
960,2026-02-13 06:28:46,204,,570.0,570.0,0.0,60.47,64.11,66.76,74.37,0.5451884304043872,651128832.0
1020,2026-02-13 06:29:46,204,,606.0,606.0,0.0,61.3,66.3,70.2,78.58,0.5550783531471662,651300864.0
1080,2026-02-13 06:30:46,204,,636.0,636.0,0.0,60.97,65.4,69.39,76.46,0.5859969440560437,651530240.0
1140,2026-02-13 06:31:46,204,,654.0,654.0,0.0,60.74,64.63,68.55,74.44,0.608309470953246,652488704.0
1200,2026-02-13 06:32:46,204,,817.0,815.0,0.0,60.74,65.03,69.49,77.37,0.6783329346149443,652316672.0
1260,2026-02-13 06:33:46,204,,806.0,806.0,0.0,60.74,65.42,68.72,75.99,0.7552572510095302,651689984.0
1320,2026-02-13 06:34:46,204,,930.0,929.0,0.0,60.79,65.08,69.49,85.27,0.8104387133972774,652275712.0
1380,2026-02-13 06:35:46,204,,958.0,958.0,0.0,60.8,65.22,71.09,79.37,0.8902024883723291,652353536.0
1440,2026-02-13 06:36:46,204,,962.0,962.0,0.0,61.64,68.38,74.34,82.19,0.9158794768308978,653246464.0
1500,2026-02-13 06:37:46,204,,979.0,979.0,0.0,62.08,70.15,74.12,81.5,0.9370968803566645,652328960.0
1560,2026-02-13 06:38:46,204,,960.0,960.0,0.0,61.26,66.84,72.94,80.59,0.9407327015067395,652480512.0
1620,2026-02-13 06:39:46,204,,859.0,860.0,0.0,60.6,65.93,68.85,79.29,0.8784067181847351,652304384.0
1680,2026-02-13 06:40:46,204,,663.0,664.0,0.0,60.72,65.2,69.41,76.26,0.7381238871713531,652132352.0
1740,2026-02-13 06:41:46,204,,609.0,610.0,0.0,60.72,64.88,68.53,76.55,0.6201453014939697,652193792.0
1800,2026-02-13 06:42:46,204,,524.0,525.0,0.0,60.51,63.83,68.0,75.72,0.544309944144456,652435456.0
